time,id,x,y,angle,speed,lane
2.7,carflow0_0.0,5.1,-8.0,90.0,0.0,0
2.7,carflow0_1.0,13.07,-8.0,90.0,5.37,0
2.7,carflow1_0.0,5.12,-4.8,90.0,0.25,1
2.7,carflow1_1.0,13.54,-4.8,90.0,5.8,1
2.7,carflow2_0.0,5.12,-1.6,90.0,0.25,2
2.7,carflow2_1.0,13.61,-1.6,90.0,5.76,2
2.7,carflow3_0.0,194.87,1.6,270.0,0.25,3
2.7,carflow3_1.0,186.78,1.6,270.0,5.52,3
2.7,carflow4_0.0,194.87,4.8,270.0,0.25,4
2.7,carflow4_1.0,186.67,4.8,270.0,5.74,4
2.7,carflow5_0.0,194.87,8.0,270.0,0.25,5
2.7,carflow5_1.0,186.72,8.0,270.0,5.55,5
2.8,carflow0_0.0,5.13,-8.0,90.0,0.25,0
2.8,carflow0_1.0,13.63,-8.0,90.0,5.63,0
2.8,carflow1_0.0,5.17,-4.8,90.0,0.5,1
2.8,carflow1_1.0,14.14,-4.8,90.0,6.04,1
2.8,carflow2_0.0,5.17,-1.6,90.0,0.49,2
2.8,carflow2_1.0,14.2,-1.6,90.0,5.99,2
2.8,carflow3_0.0,194.83,1.6,270.0,0.49,3
2.8,carflow3_1.0,186.21,1.6,270.0,5.67,3
2.8,carflow4_0.0,194.82,4.8,270.0,0.51,4
2.8,carflow4_1.0,186.08,4.8,270.0,5.88,4
2.8,carflow5_0.0,194.82,8.0,270.0,0.5,5
2.8,carflow5_1.0,186.15,8.0,270.0,5.71,5
2.9,carflow0_0.0,5.17,-8.0,90.0,0.49,0
2.9,carflow0_1.0,14.21,-8.0,90.0,5.8,0
2.9,carflow1_0.0,5.25,-4.8,90.0,0.74,1
2.9,carflow1_1.0,14.77,-4.8,90.0,6.27,1
2.9,carflow2_0.0,5.25,-1.6,90.0,0.73,2
2.9,carflow2_1.0,14.82,-1.6,90.0,6.13,2
2.9,carflow3_0.0,194.75,1.6,270.0,0.75,3
2.9,carflow3_1.0,185.63,1.6,270.0,5.81,3
2.9,carflow4_0.0,194.75,4.8,270.0,0.74,4
2.9,carflow4_1.0,185.47,4.8,270.0,6.1,4
2.9,carflow5_0.0,194.75,8.0,270.0,0.75,5
2.9,carflow5_1.0,185.55,8.0,270.0,5.93,5
3.0,carflow0_0.0,5.25,-8.0,90.0,0.74,0
3.0,carflow0_1.0,14.81,-8.0,90.0,6.01,0
3.0,carflow1_0.0,5.35,-4.8,90.0,0.97,1
3.0,carflow1_1.0,15.41,-4.8,90.0,6.44,1
3.0,carflow2_0.0,5.34,-1.6,90.0,0.96,2
3.0,carflow2_1.0,15.45,-1.6,90.0,6.33,2
3.0,carflow3_0.0,194.65,1.6,270.0,0.97,3
3.0,carflow3_1.0,185.03,1.6,270.0,6.03,3
3.0,carflow4_0.0,194.65,4.8,270.0,0.99,4
3.0,carflow4_1.0,184.83,4.8,270.0,6.32,4
3.0,carflow5_0.0,194.65,8.0,270.0,0.98,5
3.0,carflow5_1.0,184.94,8.0,270.0,6.12,5
3.1,carflow0_0.0,5.35,-8.0,90.0,0.99,0
3.1,carflow0_1.0,15.44,-8.0,90.0,6.26,0
3.1,carflow1_0.0,5.47,-4.8,90.0,1.21,1
3.1,carflow1_1.0,16.08,-4.8,90.0,6.65,1
3.1,carflow2_0.0,5.46,-1.6,90.0,1.21,2
3.1,carflow2_1.0,16.11,-1.6,90.0,6.55,2
3.1,carflow3_0.0,194.53,1.6,270.0,1.19,3
3.1,carflow3_1.0,184.4,1.6,270.0,6.25,3
3.1,carflow4_0.0,194.53,4.8,270.0,1.24,4
3.1,carflow4_1.0,184.18,4.8,270.0,6.55,4
3.1,carflow5_0.0,194.53,8.0,270.0,1.22,5
3.1,carflow5_1.0,184.31,8.0,270.0,6.35,5
3.2,carflow0_0.0,5.47,-8.0,90.0,1.22,0
3.2,carflow0_1.0,16.09,-8.0,90.0,6.49,0
3.2,carflow1_0.0,5.61,-4.8,90.0,1.46,1
3.2,carflow1_1.0,16.77,-4.8,90.0,6.9,1
3.2,carflow2_0.0,5.6,-1.6,90.0,1.4,2
3.2,carflow2_1.0,16.78,-1.6,90.0,6.74,2
3.2,carflow3_0.0,194.4,1.6,270.0,1.39,3
3.2,carflow3_1.0,183.75,1.6,270.0,6.49,3
3.2,carflow4_0.0,194.38,4.8,270.0,1.44,4
3.2,carflow4_1.0,183.5,4.8,270.0,6.81,4
3.2,carflow5_0.0,194.38,8.0,270.0,1.45,5
3.2,carflow5_1.0,183.65,8.0,270.0,6.57,5
3.3,carflow0_0.0,5.61,-8.0,90.0,1.41,0
3.3,carflow0_1.0,16.76,-8.0,90.0,6.67,0
3.3,carflow1_0.0,5.78,-4.8,90.0,1.69,1
3.3,carflow1_1.0,17.48,-4.8,90.0,7.07,1
3.3,carflow2_0.0,5.76,-1.6,90.0,1.58,2
3.3,carflow2_1.0,17.47,-1.6,90.0,6.91,2
3.3,carflow3_0.0,194.24,1.6,270.0,1.58,3
3.3,carflow3_1.0,183.09,1.6,270.0,6.62,3
3.3,carflow4_0.0,194.22,4.8,270.0,1.62,4
3.3,carflow4_1.0,182.79,4.8,270.0,7.04,4
3.3,carflow5_0.0,194.22,8.0,270.0,1.62,5
3.3,carflow5_1.0,182.97,8.0,270.0,6.76,5
3.4,carflow0_0.0,5.77,-8.0,90.0,1.6,0
3.4,carflow0_1.0,17.44,-8.0,90.0,6.85,0
3.4,carflow1_0.0,5.97,-4.8,90.0,1.91,1
3.4,carflow1_1.0,18.2,-4.8,90.0,7.29,1
3.4,carflow2_0.0,5.94,-1.6,90.0,1.79,2
3.4,carflow2_1.0,18.18,-1.6,90.0,7.15,2
3.4,carflow3_0.0,194.06,1.6,270.0,1.8,3
3.4,carflow3_1.0,182.41,1.6,270.0,6.76,3
3.4,carflow4_0.0,194.03,4.8,270.0,1.88,4
3.4,carflow4_1.0,182.07,4.8,270.0,7.25,4
3.4,carflow5_0.0,194.04,8.0,270.0,1.8,5
3.4,carflow5_1.0,182.28,8.0,270.0,6.91,5
3.5,carflow0_0.0,5.96,-8.0,90.0,1.86,0
3.5,carflow0_1.0,18.14,-8.0,90.0,7.03,0
3.5,carflow1_0.0,6.18,-4.8,90.0,2.09,1
3.5,carflow1_1.0,18.95,-4.8,90.0,7.47,1
3.5,carflow2_0.0,6.14,-1.6,90.0,2.0,2
3.5,carflow2_1.0,18.92,-1.6,90.0,7.39,2
3.5,carflow3_0.0,193.86,1.6,270.0,2.01,3
3.5,carflow3_1.0,181.71,1.6,270.0,7.02,3
3.5,carflow4_0.0,193.83,4.8,270.0,2.06,4
3.5,carflow4_1.0,181.32,4.8,270.0,7.46,4
3.5,carflow5_0.0,193.84,8.0,270.0,1.99,5
3.5,carflow5_1.0,181.58,8.0,270.0,7.04,5
3.6,carflow0_0.0,6.16,-8.0,90.0,2.02,0
3.6,carflow0_1.0,18.87,-8.0,90.0,7.22,0
3.6,carflow1_0.0,6.41,-4.8,90.0,2.3,1
3.6,carflow1_1.0,19.72,-4.8,90.0,7.65,1
3.6,carflow2_0.0,6.36,-1.6,90.0,2.16,2
3.6,carflow2_1.0,19.68,-1.6,90.0,7.57,2
3.6,carflow3_0.0,193.63,1.6,270.0,2.27,3
3.6,carflow3_1.0,180.99,1.6,270.0,7.2,3
3.6,carflow4_0.0,193.6,4.8,270.0,2.28,4
3.6,carflow4_1.0,180.56,4.8,270.0,7.67,4
3.6,carflow5_0.0,193.62,8.0,270.0,2.22,5
3.6,carflow5_1.0,180.86,8.0,270.0,7.21,5
3.7,carflow0_0.0,6.38,-8.0,90.0,2.22,0
3.7,carflow0_1.0,19.6,-8.0,90.0,7.36,0
3.7,carflow1_0.0,6.66,-4.8,90.0,2.5,1
3.7,carflow1_1.0,20.5,-4.8,90.0,7.8,1
3.7,carflow2_0.0,6.59,-1.6,90.0,2.32,2
3.7,carflow2_1.0,20.46,-1.6,90.0,7.83,2
3.7,carflow3_0.0,193.38,1.6,270.0,2.47,3
3.7,carflow3_1.0,180.26,1.6,270.0,7.36,3
3.7,carflow4_0.0,193.35,4.8,270.0,2.51,4
3.7,carflow4_1.0,179.77,4.8,270.0,7.84,4
3.7,carflow5_0.0,193.37,8.0,270.0,2.46,5
3.7,carflow5_1.0,180.11,8.0,270.0,7.44,5
3.8,carflow0_0.0,6.63,-8.0,90.0,2.48,0
3.8,carflow0_1.0,20.36,-8.0,90.0,7.56,0
3.8,carflow1_0.0,6.93,-4.8,90.0,2.68,1
3.8,carflow1_1.0,21.3,-4.8,90.0,8.04,1
3.8,carflow2_0.0,6.84,-1.6,90.0,2.47,2
3.8,carflow2_1.0,21.27,-1.6,90.0,8.06,2
3.8,carflow3_0.0,193.11,1.6,270.0,2.72,3
3.8,carflow3_1.0,179.5,1.6,270.0,7.59,3
3.8,carflow4_0.0,193.08,4.8,270.0,2.67,4
3.8,carflow4_1.0,178.97,4.8,270.0,8.04,4
3.8,carflow5_0.0,193.11,8.0,270.0,2.65,5
3.8,carflow5_1.0,179.36,8.0,270.0,7.59,5
3.9,carflow0_0.0,6.9,-8.0,90.0,2.7,0
3.9,carflow0_1.0,21.14,-8.0,90.0,7.78,0
3.9,carflow1_0.0,7.22,-4.8,90.0,2.86,1
3.9,carflow1_1.0,22.12,-4.8,90.0,8.19,1
3.9,carflow2_0.0,7.11,-1.6,90.0,2.69,2
3.9,carflow2_1.0,22.1,-1.6,90.0,8.27,2
3.9,carflow3_0.0,192.82,1.6,270.0,2.9,3
3.9,carflow3_1.0,178.72,1.6,270.0,7.75,3
3.9,carflow4_0.0,192.79,4.8,270.0,2.91,4
3.9,carflow4_1.0,178.14,4.8,270.0,8.27,4
3.9,carflow5_0.0,192.82,8.0,270.0,2.86,5
3.9,carflow5_1.0,178.58,8.0,270.0,7.73,5
4.0,carflow0_0.0,7.19,-8.0,90.0,2.85,0
4.0,carflow0_1.0,21.93,-8.0,90.0,7.94,0
4.0,carflow1_0.0,7.52,-4.8,90.0,3.05,1
4.0,carflow1_1.0,22.95,-4.8,90.0,8.32,1
4.0,carflow2_0.0,7.4,-1.6,90.0,2.89,2
4.0,carflow2_1.0,22.94,-1.6,90.0,8.42,2
4.0,carflow3_0.0,192.51,1.6,270.0,3.08,3
4.0,carflow3_1.0,177.93,1.6,270.0,7.88,3
4.0,carflow4_0.0,192.49,4.8,270.0,3.04,4
4.0,carflow4_1.0,177.3,4.8,270.0,8.4,4
4.0,carflow5_0.0,192.52,8.0,270.0,3.07,5
4.0,carflow5_1.0,177.79,8.0,270.0,7.89,5
4.1,carflow0_0.0,7.49,-8.0,90.0,3.02,0
4.1,carflow0_1.0,22.74,-8.0,90.0,8.12,0
4.1,carflow1_0.0,7.84,-4.8,90.0,3.22,1
4.1,carflow1_1.0,23.81,-4.8,90.0,8.56,1
4.1,carflow2_0.0,7.7,-1.6,90.0,3.07,2
4.1,carflow2_1.0,23.8,-1.6,90.0,8.61,2
4.1,carflow3_0.0,192.18,1.6,270.0,3.3,3
4.1,carflow3_1.0,177.13,1.6,270.0,8.04,3
4.1,carflow4_0.0,192.16,4.8,270.0,3.22,4
4.1,carflow4_1.0,176.44,4.8,270.0,8.64,4
4.1,carflow5_0.0,192.19,8.0,270.0,3.24,5
4.1,carflow5_1.0,176.98,8.0,270.0,8.11,5
4.2,carflow0_0.0,7.81,-8.0,90.0,3.25,0
4.2,carflow0_1.0,23.58,-8.0,90.0,8.37,0
4.2,carflow1_0.0,8.19,-4.8,90.0,3.47,1
4.2,carflow1_1.0,24.68,-4.8,90.0,8.77,1
4.2,carflow2_0.0,8.03,-1.6,90.0,3.26,2
4.2,carflow2_1.0,24.68,-1.6,90.0,8.84,2
4.2,carflow3_0.0,191.84,1.6,270.0,3.47,3
4.2,carflow3_1.0,176.3,1.6,270.0,8.3,3
4.2,carflow4_0.0,191.82,4.8,270.0,3.41,4
4.2,carflow4_1.0,175.55,4.8,270.0,8.85,4
4.2,carflow5_0.0,191.85,8.0,270.0,3.43,5
4.2,carflow5_1.0,176.15,8.0,270.0,8.37,5
4.3,carflow0_0.0,8.16,-8.0,90.0,3.51,0
4.3,carflow0_1.0,24.44,-8.0,90.0,8.56,0
4.3,carflow1_0.0,8.56,-4.8,90.0,3.71,1
4.3,carflow1_1.0,25.59,-4.8,90.0,9.02,1
4.3,carflow2_0.0,8.38,-1.6,90.0,3.47,2
4.3,carflow2_1.0,25.58,-1.6,90.0,8.98,2
4.3,carflow3_0.0,191.47,1.6,270.0,3.68,3
4.3,carflow3_1.0,175.46,1.6,270.0,8.44,3
4.3,carflow4_0.0,191.47,4.8,270.0,3.57,4
4.3,carflow4_1.0,174.65,4.8,270.0,9.05,4
4.3,carflow5_0.0,191.49,8.0,270.0,3.59,5
4.3,carflow5_1.0,175.29,8.0,270.0,8.6,5
4.4,carflow0_0.0,8.53,-8.0,90.0,3.67,0
4.4,carflow0_1.0,25.31,-8.0,90.0,8.71,0
4.4,carflow1_0.0,8.95,-4.8,90.0,3.86,1
4.4,carflow1_1.0,26.5,-4.8,90.0,9.18,1
4.4,carflow2_0.0,8.74,-1.6,90.0,3.61,2
4.4,carflow2_1.0,26.5,-1.6,90.0,9.21,2
4.4,carflow3_0.0,191.09,1.6,270.0,3.83,3
4.4,carflow3_1.0,174.59,1.6,270.0,8.65,3
4.4,carflow4_0.0,191.09,4.8,270.0,3.75,4
4.4,carflow4_1.0,173.72,4.8,270.0,9.28,4
4.4,carflow5_0.0,191.11,8.0,270.0,3.83,5
4.4,carflow5_1.0,174.41,8.0,270.0,8.77,5
4.5,carflow0_0.0,8.92,-8.0,90.0,3.9,0
4.5,carflow0_1.0,26.2,-8.0,90.0,8.92,0
4.5,carflow1_0.0,9.35,-4.8,90.0,4.04,1
4.5,carflow1_1.0,27.43,-4.8,90.0,9.31,1
4.5,carflow2_0.0,9.11,-1.6,90.0,3.75,2
4.5,carflow2_1.0,27.45,-1.6,90.0,9.44,2
4.5,carflow3_0.0,190.68,1.6,270.0,4.01,3
4.5,carflow3_1.0,173.71,1.6,270.0,8.82,3
4.5,carflow4_0.0,190.7,4.8,270.0,3.95,4
4.5,carflow4_1.0,172.78,4.8,270.0,9.42,4
4.5,carflow5_0.0,190.71,8.0,270.0,3.98,5
4.5,carflow5_1.0,173.51,8.0,270.0,9.03,5
4.6,carflow0_0.0,9.33,-8.0,90.0,4.12,0
4.6,carflow0_1.0,27.11,-8.0,90.0,9.07,0
4.6,carflow1_0.0,9.77,-4.8,90.0,4.18,1
4.6,carflow1_1.0,28.38,-4.8,90.0,9.5,1
4.6,carflow2_0.0,9.51,-1.6,90.0,3.93,2
4.6,carflow2_1.0,28.41,-1.6,90.0,9.66,2
4.6,carflow3_0.0,190.27,1.6,270.0,4.19,3
4.6,carflow3_1.0,172.8,1.6,270.0,9.05,3
4.6,carflow4_0.0,190.28,4.8,270.0,4.12,4
4.6,carflow4_1.0,171.82,4.8,270.0,9.6,4
4.6,carflow5_0.0,190.3,8.0,270.0,4.11,5
4.6,carflow5_1.0,172.59,8.0,270.0,9.21,5
4.7,carflow0_0.0,9.76,-8.0,90.0,4.32,0
4.7,carflow0_1.0,28.03,-8.0,90.0,9.21,0
4.7,carflow1_0.0,10.2,-4.8,90.0,4.31,1
4.7,carflow1_1.0,29.35,-4.8,90.0,9.64,1
4.7,carflow2_0.0,9.92,-1.6,90.0,4.1,2
4.7,carflow2_1.0,29.4,-1.6,90.0,9.86,2
4.7,carflow3_0.0,189.82,1.6,270.0,4.41,3
4.7,carflow3_1.0,171.88,1.6,270.0,9.23,3
4.7,carflow4_0.0,189.86,4.8,270.0,4.25,4
4.7,carflow4_1.0,170.84,4.8,270.0,9.75,4
4.7,carflow5_0.0,189.86,8.0,270.0,4.36,5
4.7,carflow5_1.0,171.65,8.0,270.0,9.37,5
4.8,carflow0_0.0,10.21,-8.0,90.0,4.48,0
4.8,carflow0_1.0,28.97,-8.0,90.0,9.44,0
4.8,carflow1_0.0,10.65,-4.8,90.0,4.49,1
4.8,carflow1_1.0,30.34,-4.8,90.0,9.87,1
4.8,carflow2_0.0,10.34,-1.6,90.0,4.26,2
4.8,carflow2_1.0,30.4,-1.6,90.0,10.04,2
4.8,carflow3_0.0,189.36,1.6,270.0,4.61,3
4.8,carflow3_1.0,170.94,1.6,270.0,9.41,3
4.8,carflow4_0.0,189.42,4.8,270.0,4.43,4
4.8,carflow4_1.0,169.85,4.8,270.0,9.93,4
4.8,carflow5_0.0,189.4,8.0,270.0,4.6,5
4.8,carflow5_1.0,170.69,8.0,270.0,9.59,5
4.9,carflow0_0.0,10.67,-8.0,90.0,4.62,0
4.9,carflow0_1.0,29.94,-8.0,90.0,9.66,0
4.9,carflow1_0.0,11.11,-4.8,90.0,4.62,1
4.9,carflow1_1.0,31.34,-4.8,90.0,10.0,1
4.9,carflow2_0.0,10.79,-1.6,90.0,4.47,2
4.9,carflow2_1.0,31.43,-1.6,90.0,10.26,2
4.9,carflow3_0.0,188.89,1.6,270.0,4.75,3
4.9,carflow3_1.0,169.98,1.6,270.0,9.57,3
4.9,carflow4_0.0,188.95,4.8,270.0,4.62,4
4.9,carflow4_1.0,168.84,4.8,270.0,10.12,4
4.9,carflow5_0.0,188.93,8.0,270.0,4.75,5
4.9,carflow5_1.0,169.7,8.0,270.0,9.85,5
5.0,carflow0_0.0,11.15,-8.0,90.0,4.8,0
5.0,carflow0_1.0,30.92,-8.0,90.0,9.8,0
5.0,carflow1_0.0,11.59,-4.8,90.0,4.82,1
5.0,carflow1_1.0,32.35,-4.8,90.0,10.17,1
5.0,carflow2_0.0,11.25,-1.6,90.0,4.65,2
5.0,carflow2_1.0,32.48,-1.6,90.0,10.46,2
5.0,carflow3_0.0,188.39,1.6,270.0,4.96,3
5.0,carflow3_1.0,169.01,1.6,270.0,9.72,3
5.0,carflow4_0.0,188.47,4.8,270.0,4.86,4
5.0,carflow4_1.0,167.81,4.8,270.0,10.3,4
5.0,carflow5_0.0,188.44,8.0,270.0,4.91,5
5.0,carflow5_1.0,168.7,8.0,270.0,10.0,5
5.1,carflow0_0.0,11.66,-8.0,90.0,5.03,0
5.1,carflow0_1.0,31.91,-8.0,90.0,9.98,0
5.1,carflow1_0.0,12.1,-4.8,90.0,5.06,1
5.1,carflow1_1.0,33.39,-4.8,90.0,10.42,1
5.1,carflow2_0.0,11.74,-1.6,90.0,4.85,2
5.1,carflow2_1.0,33.54,-1.6,90.0,10.68,2
5.1,carflow3_0.0,187.87,1.6,270.0,5.22,3
5.1,carflow3_1.0,168.02,1.6,270.0,9.93,3
5.1,carflow4_0.0,187.96,4.8,270.0,5.05,4
5.1,carflow4_1.0,166.76,4.8,270.0,10.48,4
5.1,carflow5_0.0,187.93,8.0,270.0,5.05,5
5.1,carflow5_1.0,167.69,8.0,270.0,10.14,5
5.2,carflow0_0.0,12.17,-8.0,90.0,5.18,0
5.2,carflow0_1.0,32.94,-8.0,90.0,10.24,0
5.2,carflow1_0.0,12.62,-4.8,90.0,5.2,1
5.2,carflow1_1.0,34.46,-4.8,90.0,10.61,1
5.2,carflow2_0.0,12.24,-1.6,90.0,4.98,2
5.2,carflow2_1.0,34.63,-1.6,90.0,10.81,2
5.2,carflow3_0.0,187.33,1.6,270.0,5.39,3
5.2,carflow3_1.0,167.0,1.6,270.0,10.17,3
5.2,carflow4_0.0,187.44,4.8,270.0,5.23,4
5.2,carflow4_1.0,165.7,4.8,270.0,10.65,4
5.2,carflow5_0.0,187.41,8.0,270.0,5.27,5
5.2,carflow5_1.0,166.65,8.0,270.0,10.36,5
5.3,carflow0_0.0,12.71,-8.0,90.0,5.37,0
5.3,carflow0_1.0,33.98,-8.0,90.0,10.41,0
5.3,carflow1_0.0,13.16,-4.8,90.0,5.4,1
5.3,carflow1_1.0,35.54,-4.8,90.0,10.83,1
5.3,carflow2_0.0,12.76,-1.6,90.0,5.19,2
5.3,carflow2_1.0,35.72,-1.6,90.0,10.95,2
5.3,carflow3_0.0,186.77,1.6,270.0,5.62,3
5.3,carflow3_1.0,165.96,1.6,270.0,10.4,3
5.3,carflow4_0.0,186.89,4.8,270.0,5.48,4
5.3,carflow4_1.0,164.61,4.8,270.0,10.88,4
5.3,carflow5_0.0,186.86,8.0,270.0,5.5,5
5.3,carflow5_1.0,165.6,8.0,270.0,10.54,5
5.4,carflow0_0.0,13.27,-8.0,90.0,5.58,0
5.4,carflow0_1.0,35.03,-8.0,90.0,10.55,0
5.4,carflow1_0.0,13.71,-4.8,90.0,5.55,1
5.4,carflow1_1.0,36.64,-4.8,90.0,11.01,1
5.4,carflow2_0.0,13.3,-1.6,90.0,5.41,2
5.4,carflow2_1.0,36.83,-1.6,90.0,11.09,2
5.4,carflow3_0.0,186.19,1.6,270.0,5.82,3
5.4,carflow3_1.0,164.9,1.6,270.0,10.61,3
5.4,carflow4_0.0,186.32,4.8,270.0,5.68,4
5.4,carflow4_1.0,163.49,4.8,270.0,11.13,4
5.4,carflow5_0.0,186.29,8.0,270.0,5.67,5
5.4,carflow5_1.0,164.53,8.0,270.0,10.71,5
5.5,carflow0_0.0,13.84,-8.0,90.0,5.73,0
5.5,carflow0_1.0,36.11,-8.0,90.0,10.75,0
5.5,carflow1_0.0,14.28,-4.8,90.0,5.68,1
5.5,carflow1_1.0,37.76,-4.8,90.0,11.22,1
5.5,carflow2_0.0,13.85,-1.6,90.0,5.56,2
5.5,carflow2_1.0,37.95,-1.6,90.0,11.24,2
5.5,carflow3_0.0,185.59,1.6,270.0,5.95,3
5.5,carflow3_1.0,163.82,1.6,270.0,10.85,3
5.5,carflow4_0.0,185.74,4.8,270.0,5.86,4
5.5,carflow4_1.0,162.36,4.8,270.0,11.32,4
5.5,carflow5_0.0,185.71,8.0,270.0,5.83,5
5.5,carflow5_1.0,163.44,8.0,270.0,10.92,5
5.6,carflow0_0.0,14.43,-8.0,90.0,5.89,0
5.6,carflow0_1.0,37.2,-8.0,90.0,10.97,0
5.6,carflow1_0.0,14.87,-4.8,90.0,5.88,1
5.6,carflow1_1.0,38.9,-4.8,90.0,11.43,1
5.6,carflow2_0.0,14.43,-1.6,90.0,5.78,2
5.6,carflow2_1.0,39.1,-1.6,90.0,11.42,2
5.6,carflow3_0.0,184.98,1.6,270.0,6.11,3
5.6,carflow3_1.0,162.71,1.6,270.0,11.02,3
5.6,carflow4_0.0,185.14,4.8,270.0,6.02,4
5.6,carflow4_1.0,161.21,4.8,270.0,11.5,4
5.6,carflow5_0.0,185.11,8.0,270.0,5.96,5
5.6,carflow5_1.0,162.33,8.0,270.0,11.12,5
5.7,carflow0_0.0,15.05,-8.0,90.0,6.14,0
5.7,carflow0_1.0,38.32,-8.0,90.0,11.18,0
5.7,carflow1_0.0,15.48,-4.8,90.0,6.12,1
5.7,carflow1_1.0,40.07,-4.8,90.0,11.67,1
5.7,carflow2_0.0,15.03,-1.6,90.0,5.95,2
5.7,carflow2_1.0,40.26,-1.6,90.0,11.6,2
5.7,carflow3_0.0,184.35,1.6,270.0,6.3,3
5.7,carflow3_1.0,161.6,1.6,270.0,11.16,3
5.7,carflow4_0.0,184.51,4.8,270.0,6.26,4
5.7,carflow4_1.0,160.04,4.8,270.0,11.75,4
5.7,carflow5_0.0,184.49,8.0,270.0,6.19,5
5.7,carflow5_1.0,161.19,8.0,270.0,11.36,5
5.8,carflow0_0.0,15.67,-8.0,90.0,6.29,0
5.8,carflow0_1.0,39.46,-8.0,90.0,11.36,0
5.8,carflow1_0.0,16.12,-4.8,90.0,6.34,1
5.8,carflow1_1.0,41.25,-4.8,90.0,11.82,1
5.8,carflow2_0.0,15.64,-1.6,90.0,6.18,2
5.8,carflow2_1.0,41.44,-1.6,90.0,11.82,2
5.8,carflow3_0.0,183.7,1.6,270.0,6.54,3
5.8,carflow3_1.0,160.47,1.6,270.0,11.29,3
5.8,carflow4_0.0,183.86,4.8,270.0,6.49,4
5.8,carflow4_1.0,158.85,4.8,270.0,11.89,4
5.8,carflow5_0.0,183.85,8.0,270.0,6.44,5
5.8,carflow5_1.0,160.03,8.0,270.0,11.62,5
5.9,carflow0_0.0,16.32,-8.0,90.0,6.44,0
5.9,carflow0_1.0,40.61,-8.0,90.0,11.52,0
5.9,carflow1_0.0,16.77,-4.8,90.0,6.53,1
5.9,carflow1_1.0,42.46,-4.8,90.0,12.06,1
5.9,carflow2_0.0,16.29,-1.6,90.0,6.43,2
5.9,carflow2_1.0,42.64,-1.6,90.0,12.06,2
5.9,carflow3_0.0,183.02,1.6,270.0,6.79,3
5.9,carflow3_1.0,159.32,1.6,270.0,11.49,3
5.9,carflow4_0.0,183.19,4.8,270.0,6.72,4
5.9,carflow4_1.0,157.64,4.8,270.0,12.1,4
5.9,carflow5_0.0,183.19,8.0,270.0,6.57,5
5.9,carflow5_1.0,158.85,8.0,270.0,11.79,5
6.0,carflow0_0.0,16.98,-8.0,90.0,6.65,0
6.0,carflow0_1.0,41.78,-8.0,90.0,11.71,0
6.0,carflow1_0.0,17.44,-4.8,90.0,6.69,1
6.0,carflow1_1.0,43.68,-4.8,90.0,12.24,1
6.0,carflow2_0.0,16.95,-1.6,90.0,6.66,2
6.0,carflow2_1.0,43.87,-1.6,90.0,12.31,2
6.0,carflow3_0.0,182.32,1.6,270.0,6.96,3
6.0,carflow3_1.0,158.15,1.6,270.0,11.69,3
6.0,carflow4_0.0,182.5,4.8,270.0,6.89,4
6.0,carflow4_1.0,156.41,4.8,270.0,12.25,4
6.0,carflow5_0.0,182.51,8.0,270.0,6.77,5
6.0,carflow5_1.0,157.65,8.0,270.0,11.95,5
6.1,carflow0_0.0,17.67,-8.0,90.0,6.86,0
6.1,carflow0_1.0,42.97,-8.0,90.0,11.9,0
6.1,carflow1_0.0,18.12,-4.8,90.0,6.86,1
6.1,carflow1_1.0,44.93,-4.8,90.0,12.45,1
6.1,carflow2_0.0,17.64,-1.6,90.0,6.88,2
6.1,carflow2_1.0,45.12,-1.6,90.0,12.48,2
6.1,carflow3_0.0,181.6,1.6,270.0,7.18,3
6.1,carflow3_1.0,156.97,1.6,270.0,11.84,3
6.1,carflow4_0.0,181.79,4.8,270.0,7.07,4
6.1,carflow4_1.0,155.17,4.8,270.0,12.42,4
6.1,carflow5_0.0,181.81,8.0,270.0,7.02,5
6.1,carflow5_1.0,156.44,8.0,270.0,12.11,5
6.2,carflow0_0.0,18.37,-8.0,90.0,6.99,0
6.2,carflow0_1.0,44.18,-8.0,90.0,12.12,0
6.2,carflow1_0.0,18.82,-4.8,90.0,7.0,1
6.2,carflow1_1.0,46.19,-4.8,90.0,12.65,1
6.2,carflow2_0.0,18.34,-1.6,90.0,7.05,2
6.2,carflow2_1.0,46.39,-1.6,90.0,12.63,2
6.2,carflow3_0.0,180.87,1.6,270.0,7.34,3
6.2,carflow3_1.0,155.77,1.6,270.0,12.02,3
6.2,carflow4_0.0,181.07,4.8,270.0,7.24,4
6.2,carflow4_1.0,153.91,4.8,270.0,12.6,4
6.2,carflow5_0.0,181.09,8.0,270.0,7.19,5
6.2,carflow5_1.0,155.21,8.0,270.0,12.36,5
6.3,carflow0_0.0,19.08,-8.0,90.0,7.13,0
6.3,carflow0_1.0,45.41,-8.0,90.0,12.27,0
6.3,carflow1_0.0,19.54,-4.8,90.0,7.2,1
6.3,carflow1_1.0,47.48,-4.8,90.0,12.87,1
6.3,carflow2_0.0,19.07,-1.6,90.0,7.26,2
6.3,carflow2_1.0,47.67,-1.6,90.0,12.85,2
6.3,carflow3_0.0,180.12,1.6,270.0,7.51,3
6.3,carflow3_1.0,154.54,1.6,270.0,12.26,3
6.3,carflow4_0.0,180.32,4.8,270.0,7.5,4
6.3,carflow4_1.0,152.63,4.8,270.0,12.83,4
6.3,carflow5_0.0,180.35,8.0,270.0,7.38,5
6.3,carflow5_1.0,153.95,8.0,270.0,12.52,5
6.4,carflow0_0.0,19.81,-8.0,90.0,7.29,0
6.4,carflow0_1.0,46.66,-8.0,90.0,12.46,0
6.4,carflow1_0.0,20.28,-4.8,90.0,7.4,1
6.4,carflow1_1.0,48.77,-4.8,90.0,12.94,1
6.4,carflow2_0.0,19.81,-1.6,90.0,7.44,2
6.4,carflow2_1.0,48.97,-1.6,90.0,13.0,2
6.4,carflow3_0.0,179.35,1.6,270.0,7.74,3
6.4,carflow3_1.0,153.3,1.6,270.0,12.39,3
6.4,carflow4_0.0,179.55,4.8,270.0,7.74,4
6.4,carflow4_1.0,151.32,4.8,270.0,13.06,4
6.4,carflow5_0.0,179.6,8.0,270.0,7.52,5
6.4,carflow5_1.0,152.68,8.0,270.0,12.74,5
6.5,carflow0_0.0,20.56,-8.0,90.0,7.5,0
6.5,carflow0_1.0,47.92,-8.0,90.0,12.63,0
6.5,carflow1_0.0,21.04,-4.8,90.0,7.55,1
6.5,carflow1_1.0,50.07,-4.8,90.0,13.0,1
6.5,carflow2_0.0,20.57,-1.6,90.0,7.57,2
6.5,carflow2_1.0,50.29,-1.6,90.0,13.21,2
6.5,carflow3_0.0,178.55,1.6,270.0,7.94,3
6.5,carflow3_1.0,152.04,1.6,270.0,12.59,3
6.5,carflow4_0.0,178.75,4.8,270.0,7.94,4
6.5,carflow4_1.0,149.99,4.8,270.0,13.31,4
6.5,carflow5_0.0,178.83,8.0,270.0,7.76,5
6.5,carflow5_1.0,151.38,8.0,270.0,12.98,5
6.6,carflow0_0.0,21.32,-8.0,90.0,7.64,0
6.6,carflow0_1.0,49.21,-8.0,90.0,12.87,0
6.6,carflow1_0.0,21.81,-4.8,90.0,7.75,1
6.6,carflow1_1.0,51.37,-4.8,90.0,12.96,1
6.6,carflow2_0.0,21.35,-1.6,90.0,7.77,2
6.6,carflow2_1.0,51.64,-1.6,90.0,13.46,2
6.6,carflow3_0.0,177.73,1.6,270.0,8.18,3
6.6,carflow3_1.0,150.77,1.6,270.0,12.75,3
6.6,carflow4_0.0,177.94,4.8,270.0,8.1,4
6.6,carflow4_1.0,148.64,4.8,270.0,13.49,4
6.6,carflow5_0.0,178.02,8.0,270.0,8.01,5
6.6,carflow5_1.0,150.07,8.0,270.0,13.16,5
6.7,carflow0_0.0,22.11,-8.0,90.0,7.83,0
6.7,carflow0_1.0,50.52,-8.0,90.0,13.1,0
6.7,carflow1_0.0,22.61,-4.8,90.0,7.99,1
6.7,carflow1_1.0,52.67,-4.8,90.0,13.02,1
6.7,carflow2_0.0,22.14,-1.6,90.0,7.94,2
6.7,carflow2_1.0,53.0,-1.6,90.0,13.67,2
6.7,carflow3_0.0,176.89,1.6,270.0,8.42,3
6.7,carflow3_1.0,149.47,1.6,270.0,12.99,3
6.7,carflow4_0.0,177.12,4.8,270.0,8.26,4
6.7,carflow4_1.0,147.28,4.8,270.0,13.67,4
6.7,carflow5_0.0,177.2,8.0,270.0,8.25,5
6.7,carflow5_1.0,148.73,8.0,270.0,13.34,5
6.8,carflow0_0.0,22.91,-8.0,90.0,8.03,0
6.8,carflow0_1.0,51.85,-8.0,90.0,13.31,0
6.8,carflow1_0.0,23.43,-4.8,90.0,8.16,1
6.8,carflow1_1.0,53.96,-4.8,90.0,12.93,1
6.8,carflow2_0.0,22.95,-1.6,90.0,8.12,2
6.8,carflow2_1.0,54.39,-1.6,90.0,13.91,2
6.8,carflow3_0.0,176.04,1.6,270.0,8.56,3
6.8,carflow3_1.0,148.15,1.6,270.0,13.17,3
6.8,carflow4_0.0,176.27,4.8,270.0,8.42,4
6.8,carflow4_1.0,145.89,4.8,270.0,13.85,4
6.8,carflow5_0.0,176.35,8.0,270.0,8.45,5
6.8,carflow5_1.0,147.38,8.0,270.0,13.52,5
6.9,carflow0_0.0,23.74,-8.0,90.0,8.28,0
6.9,carflow0_1.0,53.19,-8.0,90.0,13.45,0
6.9,carflow1_0.0,24.26,-4.8,90.0,8.34,1
6.9,carflow1_1.0,55.26,-4.8,90.0,13.01,1
6.9,carflow2_0.0,23.78,-1.6,90.0,8.25,2
6.9,carflow2_1.0,55.81,-1.6,90.0,14.13,2
6.9,carflow3_0.0,175.16,1.6,270.0,8.76,3
6.9,carflow3_1.0,146.82,1.6,270.0,13.32,3
6.9,carflow4_0.0,175.41,4.8,270.0,8.66,4
6.9,carflow4_1.0,144.5,4.8,270.0,13.94,4
6.9,carflow5_0.0,175.49,8.0,270.0,8.63,5
6.9,carflow5_1.0,146.01,8.0,270.0,13.68,5
7.0,carflow0_0.0,24.58,-8.0,90.0,8.42,0
7.0,carflow0_1.0,54.56,-8.0,90.0,13.63,0
7.0,carflow1_0.0,25.11,-4.8,90.0,8.5,1
7.0,carflow1_1.0,56.56,-4.8,90.0,12.93,1
7.0,carflow2_0.0,24.62,-1.6,90.0,8.41,2
7.0,carflow2_1.0,57.23,-1.6,90.0,14.26,2
7.0,carflow3_0.0,174.26,1.6,270.0,9.02,3
7.0,carflow3_1.0,145.47,1.6,270.0,13.55,3
7.0,carflow4_0.0,174.53,4.8,270.0,8.83,4
7.0,carflow4_1.0,143.11,4.8,270.0,13.93,4
7.0,carflow5_0.0,174.61,8.0,270.0,8.77,5
7.0,carflow5_1.0,144.63,8.0,270.0,13.82,5
7.1,carflow0_0.0,25.44,-8.0,90.0,8.56,0
7.1,carflow0_1.0,55.93,-8.0,90.0,13.77,0
7.1,carflow1_0.0,25.98,-4.8,90.0,8.66,1
7.1,carflow1_1.0,57.86,-4.8,90.0,13.01,1
7.1,carflow2_0.0,25.48,-1.6,90.0,8.58,2
7.1,carflow2_1.0,58.68,-1.6,90.0,14.48,2
7.1,carflow3_0.0,173.33,1.6,270.0,9.26,3
7.1,carflow3_1.0,144.09,1.6,270.0,13.76,3
7.1,carflow4_0.0,173.62,4.8,270.0,9.02,4
7.1,carflow4_1.0,141.71,4.8,270.0,13.98,4
7.1,carflow5_0.0,173.72,8.0,270.0,8.99,5
7.1,carflow5_1.0,143.23,8.0,270.0,13.98,5
7.2,carflow0_0.0,26.31,-8.0,90.0,8.73,0
7.2,carflow0_1.0,57.33,-8.0,90.0,13.95,0
7.2,carflow1_0.0,26.87,-4.8,90.0,8.89,1
7.2,carflow1_1.0,59.15,-4.8,90.0,12.95,1
7.2,carflow2_0.0,26.36,-1.6,90.0,8.83,2
7.2,carflow2_1.0,60.13,-1.6,90.0,14.44,2
7.2,carflow3_0.0,172.39,1.6,270.0,9.4,3
7.2,carflow3_1.0,142.7,1.6,270.0,13.9,3
7.2,carflow4_0.0,172.71,4.8,270.0,9.16,4
7.2,carflow4_1.0,140.31,4.8,270.0,13.97,4
7.2,carflow5_0.0,172.8,8.0,270.0,9.13,5
7.2,carflow5_1.0,141.81,8.0,270.0,14.19,5
7.3,carflow0_0.0,27.2,-8.0,90.0,8.95,0
7.3,carflow0_1.0,58.75,-8.0,90.0,14.19,0
7.3,carflow1_0.0,27.78,-4.8,90.0,9.07,1
7.3,carflow1_1.0,60.45,-4.8,90.0,12.93,1
7.3,carflow2_0.0,27.26,-1.6,90.0,9.0,2
7.3,carflow2_1.0,61.58,-1.6,90.0,14.51,2
7.3,carflow3_0.0,171.44,1.6,270.0,9.56,3
7.3,carflow3_1.0,141.29,1.6,270.0,14.14,3
7.3,carflow4_0.0,171.77,4.8,270.0,9.41,4
7.3,carflow4_1.0,138.91,4.8,270.0,14.01,4
7.3,carflow5_0.0,171.88,8.0,270.0,9.26,5
7.3,carflow5_1.0,140.38,8.0,270.0,14.37,5
7.4,carflow0_0.0,28.12,-8.0,90.0,9.16,0
7.4,carflow0_1.0,60.19,-8.0,90.0,14.43,0
7.4,carflow1_0.0,28.71,-4.8,90.0,9.3,1
7.4,carflow1_1.0,61.74,-4.8,90.0,12.98,1
7.4,carflow2_0.0,28.18,-1.6,90.0,9.13,2
7.4,carflow2_1.0,63.03,-1.6,90.0,14.52,2
7.4,carflow3_0.0,170.46,1.6,270.0,9.72,3
7.4,carflow3_1.0,139.86,1.6,270.0,14.29,3
7.4,carflow4_0.0,170.81,4.8,270.0,9.6,4
7.4,carflow4_1.0,137.52,4.8,270.0,13.91,4
7.4,carflow5_0.0,170.94,8.0,270.0,9.4,5
7.4,carflow5_1.0,138.92,8.0,270.0,14.6,5
7.5,carflow0_0.0,29.05,-8.0,90.0,9.29,0
7.5,carflow0_1.0,61.66,-8.0,90.0,14.65,0
7.5,carflow1_0.0,29.65,-4.8,90.0,9.48,1
7.5,carflow1_1.0,63.04,-4.8,90.0,12.96,1
7.5,carflow2_0.0,29.1,-1.6,90.0,9.27,2
7.5,carflow2_1.0,64.48,-1.6,90.0,14.48,2
7.5,carflow3_0.0,169.47,1.6,270.0,9.92,3
7.5,carflow3_1.0,138.43,1.6,270.0,14.28,3
7.5,carflow4_0.0,169.82,4.8,270.0,9.86,4
7.5,carflow4_1.0,136.12,4.8,270.0,14.0,4
7.5,carflow5_0.0,169.97,8.0,270.0,9.64,5
7.5,carflow5_1.0,137.45,8.0,270.0,14.64,5
7.6,carflow0_0.0,30.0,-8.0,90.0,9.52,0
7.6,carflow0_1.0,63.14,-8.0,90.0,14.83,0
7.6,carflow1_0.0,30.62,-4.8,90.0,9.67,1
7.6,carflow1_1.0,64.33,-4.8,90.0,12.94,1
7.6,carflow2_0.0,30.05,-1.6,90.0,9.45,2
7.6,carflow2_1.0,65.93,-1.6,90.0,14.49,2
7.6,carflow3_0.0,168.46,1.6,270.0,10.1,3
7.6,carflow3_1.0,137.01,1.6,270.0,14.19,3
7.6,carflow4_0.0,168.81,4.8,270.0,10.06,4
7.6,carflow4_1.0,134.73,4.8,270.0,13.92,4
7.6,carflow5_0.0,168.99,8.0,270.0,9.8,5
7.6,carflow5_1.0,135.99,8.0,270.0,14.62,5
7.7,carflow0_0.0,30.97,-8.0,90.0,9.69,0
7.7,carflow0_1.0,64.64,-8.0,90.0,14.98,0
7.7,carflow1_0.0,31.61,-4.8,90.0,9.87,1
7.7,carflow1_1.0,65.63,-4.8,90.0,12.93,1
7.7,carflow2_0.0,31.01,-1.6,90.0,9.63,2
7.7,carflow2_1.0,67.37,-1.6,90.0,14.47,2
7.7,carflow3_0.0,167.43,1.6,270.0,10.35,3
7.7,carflow3_1.0,135.59,1.6,270.0,14.2,3
7.7,carflow4_0.0,167.79,4.8,270.0,10.25,4
7.7,carflow4_1.0,133.33,4.8,270.0,13.95,4
7.7,carflow5_0.0,167.99,8.0,270.0,10.03,5
7.7,carflow5_1.0,134.52,8.0,270.0,14.71,5
7.8,carflow0_0.0,31.96,-8.0,90.0,9.92,0
7.8,carflow0_1.0,66.14,-8.0,90.0,15.03,0
7.8,carflow1_0.0,32.61,-4.8,90.0,10.01,1
7.8,carflow1_1.0,66.92,-4.8,90.0,12.92,1
7.8,carflow2_0.0,31.99,-1.6,90.0,9.8,2
7.8,carflow2_1.0,68.82,-1.6,90.0,14.43,2
7.8,carflow3_0.0,166.37,1.6,270.0,10.59,3
7.8,carflow3_1.0,134.17,1.6,270.0,14.22,3
7.8,carflow4_0.0,166.74,4.8,270.0,10.48,4
7.8,carflow4_1.0,131.93,4.8,270.0,13.97,4
7.8,carflow5_0.0,166.96,8.0,270.0,10.26,5
7.8,carflow5_1.0,133.05,8.0,270.0,14.67,5
7.9,carflow0_0.0,32.98,-8.0,90.0,10.16,0
7.9,carflow0_1.0,67.65,-8.0,90.0,15.1,0
7.9,carflow1_0.0,33.63,-4.8,90.0,10.19,1
7.9,carflow1_1.0,68.21,-4.8,90.0,12.93,1
7.9,carflow2_0.0,32.99,-1.6,90.0,9.99,2
7.9,carflow2_1.0,70.26,-1.6,90.0,14.47,2
7.9,carflow3_0.0,165.29,1.6,270.0,10.82,3
7.9,carflow3_1.0,132.74,1.6,270.0,14.23,3
7.9,carflow4_0.0,165.67,4.8,270.0,10.71,4
7.9,carflow4_1.0,130.53,4.8,270.0,14.02,4
7.9,carflow5_0.0,165.92,8.0,270.0,10.41,5
7.9,carflow5_1.0,131.59,8.0,270.0,14.63,5
8.0,carflow0_0.0,34.02,-8.0,90.0,10.41,0
8.0,carflow0_1.0,69.16,-8.0,90.0,15.13,0
8.0,carflow1_0.0,34.66,-4.8,90.0,10.36,1
8.0,carflow1_1.0,69.51,-4.8,90.0,12.94,1
8.0,carflow2_0.0,34.0,-1.6,90.0,10.14,2
8.0,carflow2_1.0,71.71,-1.6,90.0,14.45,2
8.0,carflow3_0.0,164.19,1.6,270.0,11.02,3
8.0,carflow3_1.0,131.32,1.6,270.0,14.27,3
8.0,carflow4_0.0,164.57,4.8,270.0,10.96,4
8.0,carflow4_1.0,129.14,4.8,270.0,13.95,4
8.0,carflow5_0.0,164.86,8.0,270.0,10.62,5
8.0,carflow5_1.0,130.12,8.0,270.0,14.71,5
8.1,carflow0_0.0,35.08,-8.0,90.0,10.58,0
8.1,carflow0_1.0,70.67,-8.0,90.0,15.11,0
8.1,carflow1_0.0,35.72,-4.8,90.0,10.54,1
8.1,carflow1_1.0,70.8,-4.8,90.0,12.96,1
8.1,carflow2_0.0,35.04,-1.6,90.0,10.35,2
8.1,carflow2_1.0,73.16,-1.6,90.0,14.49,2
8.1,carflow3_0.0,163.06,1.6,270.0,11.26,3
8.1,carflow3_1.0,129.89,1.6,270.0,14.29,3
8.1,carflow4_0.0,163.46,4.8,270.0,11.11,4
8.1,carflow4_1.0,127.74,4.8,270.0,13.96,4
8.1,carflow5_0.0,163.77,8.0,270.0,10.86,5
8.1,carflow5_1.0,128.66,8.0,270.0,14.61,5
8.2,carflow0_0.0,36.15,-8.0,90.0,10.72,0
8.2,carflow0_1.0,72.18,-8.0,90.0,15.06,0
8.2,carflow1_0.0,36.79,-4.8,90.0,10.71,1
8.2,carflow1_1.0,72.1,-4.8,90.0,13.02,1
8.2,carflow2_0.0,36.09,-1.6,90.0,10.49,2
8.2,carflow2_1.0,74.61,-1.6,90.0,14.48,2
8.2,carflow3_0.0,161.92,1.6,270.0,11.41,3
8.2,carflow3_1.0,128.47,1.6,270.0,14.19,3
8.2,carflow4_0.0,162.33,4.8,270.0,11.36,4
8.2,carflow4_1.0,126.34,4.8,270.0,13.98,4
8.2,carflow5_0.0,162.66,8.0,270.0,11.11,5
8.2,carflow5_1.0,127.19,8.0,270.0,14.69,5
8.3,carflow0_0.0,37.25,-8.0,90.0,10.97,0
8.3,carflow0_1.0,73.69,-8.0,90.0,15.1,0
8.3,carflow1_0.0,37.88,-4.8,90.0,10.89,1
8.3,carflow1_1.0,73.39,-4.8,90.0,12.91,1
8.3,carflow2_0.0,37.16,-1.6,90.0,10.68,2
8.3,carflow2_1.0,76.06,-1.6,90.0,14.51,2
8.3,carflow3_0.0,160.78,1.6,270.0,11.42,3
8.3,carflow3_1.0,127.05,1.6,270.0,14.2,3
8.3,carflow4_0.0,161.17,4.8,270.0,11.53,4
8.3,carflow4_1.0,124.95,4.8,270.0,13.97,4
8.3,carflow5_0.0,161.53,8.0,270.0,11.37,5
8.3,carflow5_1.0,125.72,8.0,270.0,14.7,5
8.4,carflow0_0.0,38.36,-8.0,90.0,11.14,0
8.4,carflow0_1.0,75.2,-8.0,90.0,15.14,0
8.4,carflow1_0.0,38.98,-4.8,90.0,11.05,1
8.4,carflow1_1.0,74.69,-4.8,90.0,12.94,1
8.4,carflow2_0.0,38.24,-1.6,90.0,10.82,2
8.4,carflow2_1.0,77.51,-1.6,90.0,14.48,2
8.4,carflow3_0.0,159.62,1.6,270.0,11.53,3
8.4,carflow3_1.0,125.63,1.6,270.0,14.21,3
8.4,carflow4_0.0,160.0,4.8,270.0,11.79,4
8.4,carflow4_1.0,123.55,4.8,270.0,14.0,4
8.4,carflow5_0.0,160.36,8.0,270.0,11.62,5
8.4,carflow5_1.0,124.25,8.0,270.0,14.67,5
8.5,carflow0_0.0,39.5,-8.0,90.0,11.35,0
8.5,carflow0_1.0,76.71,-8.0,90.0,15.06,0
8.5,carflow1_0.0,40.11,-4.8,90.0,11.25,1
8.5,carflow1_1.0,75.98,-4.8,90.0,12.92,1
8.5,carflow2_0.0,39.34,-1.6,90.0,11.01,2
8.5,carflow2_1.0,78.96,-1.6,90.0,14.52,2
8.5,carflow3_0.0,158.48,1.6,270.0,11.45,3
8.5,carflow3_1.0,124.2,1.6,270.0,14.31,3
8.5,carflow4_0.0,158.8,4.8,270.0,11.94,4
8.5,carflow4_1.0,122.14,4.8,270.0,14.03,4
8.5,carflow5_0.0,159.18,8.0,270.0,11.88,5
8.5,carflow5_1.0,122.79,8.0,270.0,14.66,5
8.6,carflow0_0.0,40.65,-8.0,90.0,11.56,0
8.6,carflow0_1.0,78.22,-8.0,90.0,15.08,0
8.6,carflow1_0.0,41.25,-4.8,90.0,11.46,1
8.6,carflow1_1.0,77.27,-4.8,90.0,12.92,1
8.6,carflow2_0.0,40.46,-1.6,90.0,11.27,2
8.6,carflow2_1.0,80.4,-1.6,90.0,14.4,2
8.6,carflow3_0.0,157.33,1.6,270.0,11.52,3
8.6,carflow3_1.0,122.77,1.6,270.0,14.28,3
8.6,carflow4_0.0,157.59,4.8,270.0,12.15,4
8.6,carflow4_1.0,120.74,4.8,270.0,14.02,4
8.6,carflow5_0.0,157.96,8.0,270.0,12.13,5
8.6,carflow5_1.0,121.32,8.0,270.0,14.64,5
8.7,carflow0_0.0,41.83,-8.0,90.0,11.8,0
8.7,carflow0_1.0,79.72,-8.0,90.0,15.06,0
8.7,carflow1_0.0,42.42,-4.8,90.0,11.69,1
8.7,carflow1_1.0,78.57,-4.8,90.0,13.0,1
8.7,carflow2_0.0,41.61,-1.6,90.0,11.47,2
8.7,carflow2_1.0,81.84,-1.6,90.0,14.48,2
8.7,carflow3_0.0,156.18,1.6,270.0,11.47,3
8.7,carflow3_1.0,121.34,1.6,270.0,14.24,3
8.7,carflow4_0.0,156.35,4.8,270.0,12.32,4
8.7,carflow4_1.0,119.34,4.8,270.0,14.01,4
8.7,carflow5_0.0,156.72,8.0,270.0,12.39,5
8.7,carflow5_1.0,119.86,8.0,270.0,14.61,5
8.8,carflow0_0.0,43.04,-8.0,90.0,12.06,0
8.8,carflow0_1.0,81.23,-8.0,90.0,15.05,0
8.8,carflow1_0.0,43.61,-4.8,90.0,11.86,1
8.8,carflow1_1.0,79.86,-4.8,90.0,12.92,1
8.8,carflow2_0.0,42.78,-1.6,90.0,11.72,2
8.8,carflow2_1.0,83.29,-1.6,90.0,14.41,2
8.8,carflow3_0.0,155.04,1.6,270.0,11.42,3
8.8,carflow3_1.0,119.92,1.6,270.0,14.21,3
8.8,carflow4_0.0,155.11,4.8,270.0,12.49,4
8.8,carflow4_1.0,117.94,4.8,270.0,14.0,4
8.8,carflow5_0.0,155.47,8.0,270.0,12.57,5
8.8,carflow5_1.0,118.4,8.0,270.0,14.62,5
8.9,carflow0_0.0,44.26,-8.0,90.0,12.19,0
8.9,carflow0_1.0,82.74,-8.0,90.0,15.07,0
8.9,carflow1_0.0,44.8,-4.8,90.0,11.9,1
8.9,carflow1_1.0,81.16,-4.8,90.0,12.97,1
8.9,carflow2_0.0,43.97,-1.6,90.0,11.88,2
8.9,carflow2_1.0,84.73,-1.6,90.0,14.44,2
8.9,carflow3_0.0,153.9,1.6,270.0,11.42,3
8.9,carflow3_1.0,118.5,1.6,270.0,14.21,3
8.9,carflow4_0.0,153.83,4.8,270.0,12.71,4
8.9,carflow4_1.0,116.55,4.8,270.0,13.91,4
8.9,carflow5_0.0,154.19,8.0,270.0,12.8,5
8.9,carflow5_1.0,116.93,8.0,270.0,14.65,5
9.0,carflow0_0.0,45.5,-8.0,90.0,12.45,0
9.0,carflow0_1.0,84.24,-8.0,90.0,15.08,0
9.0,carflow1_0.0,45.99,-4.8,90.0,11.89,1
9.0,carflow1_1.0,82.46,-4.8,90.0,12.95,1
9.0,carflow2_0.0,45.19,-1.6,90.0,12.13,2
9.0,carflow2_1.0,86.18,-1.6,90.0,14.49,2
9.0,carflow3_0.0,152.74,1.6,270.0,11.53,3
9.0,carflow3_1.0,117.08,1.6,270.0,14.27,3
9.0,carflow4_0.0,152.55,4.8,270.0,12.89,4
9.0,carflow4_1.0,115.16,4.8,270.0,13.91,4
9.0,carflow5_0.0,152.89,8.0,270.0,12.96,5
9.0,carflow5_1.0,115.47,8.0,270.0,14.62,5
9.1,carflow0_0.0,46.77,-8.0,90.0,12.66,0
9.1,carflow0_1.0,85.75,-8.0,90.0,15.1,0
9.1,carflow1_0.0,47.17,-4.8,90.0,11.86,1
9.1,carflow1_1.0,83.75,-4.8,90.0,12.94,1
9.1,carflow2_0.0,46.4,-1.6,90.0,12.19,2
9.1,carflow2_1.0,87.63,-1.6,90.0,14.49,2
9.1,carflow3_0.0,151.6,1.6,270.0,11.41,3
9.1,carflow3_1.0,115.64,1.6,270.0,14.31,3
9.1,carflow4_0.0,151.24,4.8,270.0,13.08,4
9.1,carflow4_1.0,113.77,4.8,270.0,13.91,4
9.1,carflow5_0.0,151.59,8.0,270.0,13.02,5
9.1,carflow5_1.0,114.01,8.0,270.0,14.62,5
9.2,carflow0_0.0,48.05,-8.0,90.0,12.83,0
9.2,carflow0_1.0,87.26,-8.0,90.0,15.06,0
9.2,carflow1_0.0,48.35,-4.8,90.0,11.82,1
9.2,carflow1_1.0,85.04,-4.8,90.0,12.93,1
9.2,carflow2_0.0,47.63,-1.6,90.0,12.24,2
9.2,carflow2_1.0,89.07,-1.6,90.0,14.45,2
9.2,carflow3_0.0,150.45,1.6,270.0,11.47,3
9.2,carflow3_1.0,114.22,1.6,270.0,14.3,3
9.2,carflow4_0.0,149.9,4.8,270.0,13.33,4
9.2,carflow4_1.0,112.36,4.8,270.0,14.03,4
9.2,carflow5_0.0,150.29,8.0,270.0,13.0,5
9.2,carflow5_1.0,112.54,8.0,270.0,14.7,5
9.3,carflow0_0.0,49.36,-8.0,90.0,13.06,0
9.3,carflow0_1.0,88.77,-8.0,90.0,15.06,0
9.3,carflow1_0.0,49.54,-4.8,90.0,11.89,1
9.3,carflow1_1.0,86.34,-4.8,90.0,12.93,1
9.3,carflow2_0.0,48.85,-1.6,90.0,12.24,2
9.3,carflow2_1.0,90.51,-1.6,90.0,14.41,2
9.3,carflow3_0.0,149.31,1.6,270.0,11.48,3
9.3,carflow3_1.0,112.79,1.6,270.0,14.27,3
9.3,carflow4_0.0,148.56,4.8,270.0,13.47,4
9.3,carflow4_1.0,110.96,4.8,270.0,14.01,4
9.3,carflow5_0.0,149.0,8.0,270.0,12.93,5
9.3,carflow5_1.0,111.08,8.0,270.0,14.62,5
9.4,carflow0_0.0,50.69,-8.0,90.0,13.31,0
9.4,carflow0_1.0,90.28,-8.0,90.0,15.11,0
9.4,carflow1_0.0,50.73,-4.8,90.0,11.85,1
9.4,carflow1_1.0,87.63,-4.8,90.0,12.92,1
9.4,carflow2_0.0,50.07,-1.6,90.0,12.23,2
9.4,carflow2_1.0,91.96,-1.6,90.0,14.41,2
9.4,carflow3_0.0,148.15,1.6,270.0,11.51,3
9.4,carflow3_1.0,111.36,1.6,270.0,14.3,3
9.4,carflow4_0.0,147.19,4.8,270.0,13.63,4
9.4,carflow4_1.0,109.56,4.8,270.0,14.0,4
9.4,carflow5_0.0,147.7,8.0,270.0,12.99,5
9.4,carflow5_1.0,109.62,8.0,270.0,14.62,5
9.5,carflow0_0.0,52.03,-8.0,90.0,13.45,0
9.5,carflow0_1.0,91.78,-8.0,90.0,15.04,0
9.5,carflow1_0.0,51.92,-4.8,90.0,11.9,1
9.5,carflow1_1.0,88.92,-4.8,90.0,12.95,1
9.5,carflow2_0.0,51.3,-1.6,90.0,12.27,2
9.5,carflow2_1.0,93.4,-1.6,90.0,14.47,2
9.5,carflow3_0.0,147.01,1.6,270.0,11.49,3
9.5,carflow3_1.0,109.93,1.6,270.0,14.27,3
9.5,carflow4_0.0,145.81,4.8,270.0,13.85,4
9.5,carflow4_1.0,108.16,4.8,270.0,14.01,4
9.5,carflow5_0.0,146.39,8.0,270.0,13.03,5
9.5,carflow5_1.0,108.15,8.0,270.0,14.68,5
9.6,carflow0_0.0,53.4,-8.0,90.0,13.66,0
9.6,carflow0_1.0,93.29,-8.0,90.0,15.09,0
9.6,carflow1_0.0,53.1,-4.8,90.0,11.83,1
9.6,carflow1_1.0,90.21,-4.8,90.0,12.91,1
9.6,carflow2_0.0,52.53,-1.6,90.0,12.26,2
9.6,carflow2_1.0,94.85,-1.6,90.0,14.52,2
9.6,carflow3_0.0,145.85,1.6,270.0,11.53,3
9.6,carflow3_1.0,108.5,1.6,270.0,14.3,3
9.6,carflow4_0.0,144.41,4.8,270.0,14.01,4
9.6,carflow4_1.0,106.76,4.8,270.0,14.01,4
9.6,carflow5_0.0,145.09,8.0,270.0,13.0,5
9.6,carflow5_1.0,106.69,8.0,270.0,14.61,5
9.7,carflow0_0.0,54.78,-8.0,90.0,13.84,0
9.7,carflow0_1.0,94.8,-8.0,90.0,15.11,0
9.7,carflow1_0.0,54.28,-4.8,90.0,11.78,1
9.7,carflow1_1.0,91.52,-4.8,90.0,13.01,1
9.7,carflow2_0.0,53.75,-1.6,90.0,12.21,2
9.7,carflow2_1.0,96.3,-1.6,90.0,14.45,2
9.7,carflow3_0.0,144.71,1.6,270.0,11.48,3
9.7,carflow3_1.0,107.07,1.6,270.0,14.31,3
9.7,carflow4_0.0,142.98,4.8,270.0,14.24,4
9.7,carflow4_1.0,105.36,4.8,270.0,14.0,4
9.7,carflow5_0.0,143.79,8.0,270.0,12.99,5
9.7,carflow5_1.0,105.22,8.0,270.0,14.65,5
9.8,carflow0_0.0,56.19,-8.0,90.0,14.02,0
9.8,carflow0_1.0,96.31,-8.0,90.0,15.12,0
9.8,carflow1_0.0,55.46,-4.8,90.0,11.86,1
9.8,carflow1_1.0,92.82,-4.8,90.0,13.0,1
9.8,carflow2_0.0,54.97,-1.6,90.0,12.25,2
9.8,carflow2_1.0,97.74,-1.6,90.0,14.44,2
9.8,carflow3_0.0,143.55,1.6,270.0,11.51,3
9.8,carflow3_1.0,105.64,1.6,270.0,14.27,3
9.8,carflow4_0.0,141.54,4.8,270.0,14.44,4
9.8,carflow4_1.0,103.97,4.8,270.0,13.91,4
9.8,carflow5_0.0,142.49,8.0,270.0,13.03,5
9.8,carflow5_1.0,103.75,8.0,270.0,14.68,5
9.9,carflow0_0.0,57.61,-8.0,90.0,14.23,0
9.9,carflow0_1.0,97.81,-8.0,90.0,15.02,0
9.9,carflow1_0.0,56.64,-4.8,90.0,11.8,1
9.9,carflow1_1.0,94.11,-4.8,90.0,12.94,1
9.9,carflow2_0.0,56.2,-1.6,90.0,12.3,2
9.9,carflow2_1.0,99.19,-1.6,90.0,14.46,2
9.9,carflow3_0.0,142.41,1.6,270.0,11.49,3
9.9,carflow3_1.0,104.21,1.6,270.0,14.3,3
9.9,carflow4_0.0,140.08,4.8,270.0,14.63,4
9.9,carflow4_1.0,102.58,4.8,270.0,13.91,4
9.9,carflow5_0.0,141.19,8.0,270.0,12.97,5
9.9,carflow5_1.0,102.29,8.0,270.0,14.65,5
10.0,carflow0_0.0,59.03,-8.0,90.0,14.21,0
10.0,carflow0_1.0,99.32,-8.0,90.0,15.09,0
10.0,carflow1_0.0,57.83,-4.8,90.0,11.85,1
10.0,carflow1_1.0,95.41,-4.8,90.0,12.99,1
10.0,carflow2_0.0,57.43,-1.6,90.0,12.26,2
10.0,carflow2_1.0,100.63,-1.6,90.0,14.5,2
10.0,carflow3_0.0,141.25,1.6,270.0,11.52,3
10.0,carflow3_1.0,102.79,1.6,270.0,14.26,3
10.0,carflow4_0.0,138.59,4.8,270.0,14.83,4
10.0,carflow4_1.0,101.18,4.8,270.0,14.0,4
10.0,carflow5_0.0,139.89,8.0,270.0,13.02,5
10.0,carflow5_1.0,100.82,8.0,270.0,14.69,5
10.1,carflow0_0.0,60.44,-8.0,90.0,14.14,0
10.1,carflow0_1.0,100.82,-8.0,90.0,15.09,0
10.1,carflow1_0.0,59.01,-4.8,90.0,11.86,1
10.1,carflow1_1.0,96.7,-4.8,90.0,12.94,1
10.1,carflow2_0.0,58.66,-1.6,90.0,12.28,2
10.1,carflow2_1.0,102.08,-1.6,90.0,14.47,2
10.1,carflow3_0.0,140.11,1.6,270.0,11.48,3
10.1,carflow3_1.0,101.36,1.6,270.0,14.25,3
10.1,carflow4_0.0,137.1,4.8,270.0,14.98,4
10.1,carflow4_1.0,99.8,4.8,270.0,13.92,4
10.1,carflow5_0.0,138.6,8.0,270.0,12.92,5
10.1,carflow5_1.0,99.37,8.0,270.0,14.62,5
10.2,carflow0_0.0,61.86,-8.0,90.0,14.13,0
10.2,carflow0_1.0,102.33,-8.0,90.0,15.02,0
10.2,carflow1_0.0,60.19,-4.8,90.0,11.77,1
10.2,carflow1_1.0,98.0,-4.8,90.0,13.02,1
10.2,carflow2_0.0,59.88,-1.6,90.0,12.23,2
10.2,carflow2_1.0,103.52,-1.6,90.0,14.45,2
10.2,carflow3_0.0,138.96,1.6,270.0,11.48,3
10.2,carflow3_1.0,99.95,1.6,270.0,14.24,3
10.2,carflow4_0.0,135.59,4.8,270.0,15.02,4
10.2,carflow4_1.0,98.4,4.8,270.0,13.99,4
10.2,carflow5_0.0,137.31,8.0,270.0,12.93,5
10.2,carflow5_1.0,97.91,8.0,270.0,14.6,5
10.3,carflow0_0.0,63.27,-8.0,90.0,14.14,0
10.3,carflow0_1.0,103.83,-8.0,90.0,15.1,0
10.3,carflow1_0.0,61.38,-4.8,90.0,11.85,1
10.3,carflow1_1.0,99.3,-4.8,90.0,12.93,1
10.3,carflow2_0.0,61.1,-1.6,90.0,12.19,2
10.3,carflow2_1.0,104.96,-1.6,90.0,14.42,2
10.3,carflow3_0.0,137.8,1.6,270.0,11.54,3
10.3,carflow3_1.0,98.52,1.6,270.0,14.25,3
10.3,carflow4_0.0,134.1,4.8,270.0,14.94,4
10.3,carflow4_1.0,97.0,4.8,270.0,13.98,4
10.3,carflow5_0.0,136.01,8.0,270.0,12.94,5
10.3,carflow5_1.0,96.44,8.0,270.0,14.72,5
10.4,carflow0_0.0,64.69,-8.0,90.0,14.2,0
10.4,carflow0_1.0,105.34,-8.0,90.0,15.05,0
10.4,carflow1_0.0,62.56,-4.8,90.0,11.8,1
10.4,carflow1_1.0,100.58,-4.8,90.0,12.95,1
10.4,carflow2_0.0,62.32,-1.6,90.0,12.21,2
10.4,carflow2_1.0,106.41,-1.6,90.0,14.51,2
10.4,carflow3_0.0,136.65,1.6,270.0,11.48,3
10.4,carflow3_1.0,97.09,1.6,270.0,14.3,3
10.4,carflow4_0.0,132.61,4.8,270.0,14.92,4
10.4,carflow4_1.0,95.59,4.8,270.0,14.03,4
10.4,carflow5_0.0,134.72,8.0,270.0,12.93,5
10.4,carflow5_1.0,94.97,8.0,270.0,14.7,5
10.5,carflow0_0.0,66.11,-8.0,90.0,14.17,0
10.5,carflow0_1.0,106.85,-8.0,90.0,15.08,0
10.5,carflow1_0.0,63.74,-4.8,90.0,11.81,1
10.5,carflow1_1.0,101.88,-4.8,90.0,12.94,1
10.5,carflow2_0.0,63.55,-1.6,90.0,12.28,2
10.5,carflow2_1.0,107.86,-1.6,90.0,14.41,2
10.5,carflow3_0.0,135.51,1.6,270.0,11.46,3
10.5,carflow3_1.0,95.67,1.6,270.0,14.19,3
10.5,carflow4_0.0,131.12,4.8,270.0,14.93,4
10.5,carflow4_1.0,94.2,4.8,270.0,13.99,4
10.5,carflow5_0.0,133.42,8.0,270.0,13.02,5
10.5,carflow5_1.0,93.5,8.0,270.0,14.68,5
10.6,carflow0_0.0,67.53,-8.0,90.0,14.25,0
10.6,carflow0_1.0,108.36,-8.0,90.0,15.14,0
10.6,carflow1_0.0,64.92,-4.8,90.0,11.82,1
10.6,carflow1_1.0,103.17,-4.8,90.0,12.99,1
10.6,carflow2_0.0,64.77,-1.6,90.0,12.19,2
10.6,carflow2_1.0,109.3,-1.6,90.0,14.44,2
10.6,carflow3_0.0,134.36,1.6,270.0,11.46,3
10.6,carflow3_1.0,94.25,1.6,270.0,14.29,3
10.6,carflow4_0.0,129.62,4.8,270.0,14.97,4
10.6,carflow4_1.0,92.8,4.8,270.0,13.97,4
10.6,carflow5_0.0,132.12,8.0,270.0,12.97,5
10.6,carflow5_1.0,92.04,8.0,270.0,14.6,5
10.7,carflow0_0.0,68.96,-8.0,90.0,14.23,0
10.7,carflow0_1.0,109.87,-8.0,90.0,15.07,0
10.7,carflow1_0.0,66.11,-4.8,90.0,11.86,1
10.7,carflow1_1.0,104.47,-4.8,90.0,12.91,1
10.7,carflow2_0.0,66.0,-1.6,90.0,12.3,2
10.7,carflow2_1.0,110.74,-1.6,90.0,14.41,2
10.7,carflow3_0.0,133.22,1.6,270.0,11.44,3
10.7,carflow3_1.0,92.83,1.6,270.0,14.19,3
10.7,carflow4_0.0,128.12,4.8,270.0,14.95,4
10.7,carflow4_1.0,91.4,4.8,270.0,14.0,4
10.7,carflow5_0.0,130.83,8.0,270.0,12.9,5
10.7,carflow5_1.0,90.57,8.0,270.0,14.7,5
10.8,carflow0_0.0,70.38,-8.0,90.0,14.21,0
10.8,carflow0_1.0,111.37,-8.0,90.0,15.07,0
10.8,carflow1_0.0,67.29,-4.8,90.0,11.82,1
10.8,carflow1_1.0,105.76,-4.8,90.0,12.91,1
10.8,carflow2_0.0,67.23,-1.6,90.0,12.29,2
10.8,carflow2_1.0,112.19,-1.6,90.0,14.46,2
10.8,carflow3_0.0,132.07,1.6,270.0,11.47,3
10.8,carflow3_1.0,91.41,1.6,270.0,14.19,3
10.8,carflow4_0.0,126.63,4.8,270.0,14.93,4
10.8,carflow4_1.0,90.01,4.8,270.0,13.93,4
10.8,carflow5_0.0,129.54,8.0,270.0,12.96,5
10.8,carflow5_1.0,89.11,8.0,270.0,14.63,5
10.9,carflow0_0.0,71.8,-8.0,90.0,14.2,0
10.9,carflow0_1.0,112.88,-8.0,90.0,15.08,0
10.9,carflow1_0.0,68.47,-4.8,90.0,11.83,1
10.9,carflow1_1.0,107.06,-4.8,90.0,13.02,1
10.9,carflow2_0.0,68.46,-1.6,90.0,12.3,2
10.9,carflow2_1.0,113.63,-1.6,90.0,14.48,2
10.9,carflow3_0.0,130.93,1.6,270.0,11.44,3
10.9,carflow3_1.0,89.98,1.6,270.0,14.26,3
10.9,carflow4_0.0,125.13,4.8,270.0,15.0,4
10.9,carflow4_1.0,88.61,4.8,270.0,13.95,4
10.9,carflow5_0.0,128.24,8.0,270.0,12.92,5
10.9,carflow5_1.0,87.64,8.0,270.0,14.66,5
11.0,carflow0_0.0,73.21,-8.0,90.0,14.19,0
11.0,carflow0_1.0,114.4,-8.0,90.0,15.14,0
11.0,carflow1_0.0,69.66,-4.8,90.0,11.89,1
11.0,carflow1_1.0,108.36,-4.8,90.0,13.02,1
11.0,carflow2_0.0,69.67,-1.6,90.0,12.18,2
11.0,carflow2_1.0,115.08,-1.6,90.0,14.42,2
11.0,carflow3_0.0,129.78,1.6,270.0,11.51,3
11.0,carflow3_1.0,88.56,1.6,270.0,14.21,3
11.0,carflow4_0.0,123.63,4.8,270.0,14.98,4
11.0,carflow4_1.0,87.21,4.8,270.0,13.98,4
11.0,carflow5_0.0,126.95,8.0,270.0,12.98,5
11.0,carflow5_1.0,86.18,8.0,270.0,14.64,5
11.1,carflow0_0.0,74.64,-8.0,90.0,14.23,0
11.1,carflow0_1.0,115.9,-8.0,90.0,15.09,0
11.1,carflow1_0.0,70.85,-4.8,90.0,11.9,1
11.1,carflow1_1.0,109.65,-4.8,90.0,12.91,1
11.1,carflow2_0.0,70.9,-1.6,90.0,12.27,2
11.1,carflow2_1.0,116.52,-1.6,90.0,14.41,2
11.1,carflow3_0.0,128.63,1.6,270.0,11.5,3
11.1,carflow3_1.0,87.13,1.6,270.0,14.31,3
11.1,carflow4_0.0,122.13,4.8,270.0,14.98,4
11.1,carflow4_1.0,85.81,4.8,270.0,14.03,4
11.1,carflow5_0.0,125.64,8.0,270.0,13.03,5
11.1,carflow5_1.0,84.7,8.0,270.0,14.72,5
11.2,carflow0_0.0,76.05,-8.0,90.0,14.17,0
11.2,carflow0_1.0,117.41,-8.0,90.0,15.1,0
11.2,carflow1_0.0,72.04,-4.8,90.0,11.88,1
11.2,carflow1_1.0,110.95,-4.8,90.0,12.93,1
11.2,carflow2_0.0,72.12,-1.6,90.0,12.18,2
11.2,carflow2_1.0,117.97,-1.6,90.0,14.5,2
11.2,carflow3_0.0,127.48,1.6,270.0,11.47,3
11.2,carflow3_1.0,85.7,1.6,270.0,14.26,3
11.2,carflow4_0.0,120.63,4.8,270.0,15.04,4
11.2,carflow4_1.0,84.42,4.8,270.0,13.91,4
11.2,carflow5_0.0,124.34,8.0,270.0,12.98,5
11.2,carflow5_1.0,83.24,8.0,270.0,14.68,5
11.3,carflow0_0.0,77.48,-8.0,90.0,14.23,0
11.3,carflow0_1.0,118.92,-8.0,90.0,15.09,0
11.3,carflow1_0.0,73.23,-4.8,90.0,11.87,1
11.3,carflow1_1.0,112.24,-4.8,90.0,12.99,1
11.3,carflow2_0.0,73.35,-1.6,90.0,12.27,2
11.3,carflow2_1.0,119.41,-1.6,90.0,14.47,2
11.3,carflow3_0.0,126.34,1.6,270.0,11.45,3
11.3,carflow3_1.0,84.29,1.6,270.0,14.19,3
11.3,carflow4_0.0,119.13,4.8,270.0,14.98,4
11.3,carflow4_1.0,83.02,4.8,270.0,13.95,4
11.3,carflow5_0.0,123.05,8.0,270.0,12.95,5
11.3,carflow5_1.0,81.77,8.0,270.0,14.65,5
11.4,carflow0_0.0,78.9,-8.0,90.0,14.24,0
11.4,carflow0_1.0,120.43,-8.0,90.0,15.03,0
11.4,carflow1_0.0,74.41,-4.8,90.0,11.82,1
11.4,carflow1_1.0,113.54,-4.8,90.0,12.94,1
11.4,carflow2_0.0,74.57,-1.6,90.0,12.19,2
11.4,carflow2_1.0,120.86,-1.6,90.0,14.5,2
11.4,carflow3_0.0,125.19,1.6,270.0,11.43,3
11.4,carflow3_1.0,82.86,1.6,270.0,14.23,3
11.4,carflow4_0.0,117.63,4.8,270.0,14.98,4
11.4,carflow4_1.0,81.63,4.8,270.0,13.93,4
11.4,carflow5_0.0,121.75,8.0,270.0,13.02,5
11.4,carflow5_1.0,80.31,8.0,270.0,14.63,5
11.5,carflow0_0.0,80.32,-8.0,90.0,14.23,0
11.5,carflow0_1.0,121.93,-8.0,90.0,15.02,0
11.5,carflow1_0.0,75.59,-4.8,90.0,11.87,1
11.5,carflow1_1.0,114.83,-4.8,90.0,12.91,1
11.5,carflow2_0.0,75.78,-1.6,90.0,12.19,2
11.5,carflow2_1.0,122.3,-1.6,90.0,14.4,2
11.5,carflow3_0.0,124.05,1.6,270.0,11.42,3
11.5,carflow3_1.0,81.43,1.6,270.0,14.31,3
11.5,carflow4_0.0,116.14,4.8,270.0,14.95,4
11.5,carflow4_1.0,80.24,4.8,270.0,13.91,4
11.5,carflow5_0.0,120.45,8.0,270.0,12.96,5
11.5,carflow5_1.0,78.84,8.0,270.0,14.7,5
11.6,carflow0_0.0,81.75,-8.0,90.0,14.23,0
11.6,carflow0_1.0,123.44,-8.0,90.0,15.12,0
11.6,carflow1_0.0,76.78,-4.8,90.0,11.82,1
11.6,carflow1_1.0,116.13,-4.8,90.0,13.0,1
11.6,carflow2_0.0,77.0,-1.6,90.0,12.19,2
11.6,carflow2_1.0,123.75,-1.6,90.0,14.44,2
11.6,carflow3_0.0,122.91,1.6,270.0,11.43,3
11.6,carflow3_1.0,80.01,1.6,270.0,14.25,3
11.6,carflow4_0.0,114.64,4.8,270.0,14.99,4
11.6,carflow4_1.0,78.84,4.8,270.0,13.96,4
11.6,carflow5_0.0,119.16,8.0,270.0,12.95,5
11.6,carflow5_1.0,77.37,8.0,270.0,14.68,5
11.7,carflow0_0.0,83.17,-8.0,90.0,14.2,0
11.7,carflow0_1.0,124.95,-8.0,90.0,15.11,0
11.7,carflow1_0.0,77.96,-4.8,90.0,11.8,1
11.7,carflow1_1.0,117.43,-4.8,90.0,13.01,1
11.7,carflow2_0.0,78.22,-1.6,90.0,12.18,2
11.7,carflow2_1.0,125.19,-1.6,90.0,14.46,2
11.7,carflow3_0.0,121.76,1.6,270.0,11.45,3
11.7,carflow3_1.0,78.58,1.6,270.0,14.3,3
11.7,carflow4_0.0,113.14,4.8,270.0,15.03,4
11.7,carflow4_1.0,77.44,4.8,270.0,14.0,4
11.7,carflow5_0.0,117.86,8.0,270.0,13.0,5
11.7,carflow5_1.0,75.9,8.0,270.0,14.68,5
11.8,carflow0_0.0,84.59,-8.0,90.0,14.18,0
11.8,carflow0_1.0,126.46,-8.0,90.0,15.1,0
11.8,carflow1_0.0,79.14,-4.8,90.0,11.81,1
11.8,carflow1_1.0,118.73,-4.8,90.0,13.01,1
11.8,carflow2_0.0,79.45,-1.6,90.0,12.24,2
11.8,carflow2_1.0,126.64,-1.6,90.0,14.43,2
11.8,carflow3_0.0,120.62,1.6,270.0,11.48,3
11.8,carflow3_1.0,77.15,1.6,270.0,14.3,3
11.8,carflow4_0.0,111.64,4.8,270.0,15.0,4
11.8,carflow4_1.0,76.05,4.8,270.0,13.93,4
11.8,carflow5_0.0,116.56,8.0,270.0,12.93,5
11.8,carflow5_1.0,74.43,8.0,270.0,14.71,5
11.9,carflow0_0.0,86.01,-8.0,90.0,14.24,0
11.9,carflow0_1.0,127.97,-8.0,90.0,15.03,0
11.9,carflow1_0.0,80.32,-4.8,90.0,11.85,1
11.9,carflow1_1.0,120.03,-4.8,90.0,13.01,1
11.9,carflow2_0.0,80.66,-1.6,90.0,12.18,2
11.9,carflow2_1.0,128.08,-1.6,90.0,14.42,2
11.9,carflow3_0.0,119.47,1.6,270.0,11.44,3
11.9,carflow3_1.0,75.72,1.6,270.0,14.23,3
11.9,carflow4_0.0,110.14,4.8,270.0,14.94,4
11.9,carflow4_1.0,74.65,4.8,270.0,14.02,4
11.9,carflow5_0.0,115.27,8.0,270.0,12.91,5
11.9,carflow5_1.0,72.97,8.0,270.0,14.6,5
12.0,carflow0_0.0,87.42,-8.0,90.0,14.14,0
12.0,carflow0_1.0,129.48,-8.0,90.0,15.11,0
12.0,carflow1_0.0,81.5,-4.8,90.0,11.81,1
12.0,carflow1_1.0,121.33,-4.8,90.0,13.01,1
12.0,carflow2_0.0,81.89,-1.6,90.0,12.22,2
12.0,carflow2_1.0,129.53,-1.6,90.0,14.51,2
12.0,carflow3_0.0,118.32,1.6,270.0,11.5,3
12.0,carflow3_1.0,74.3,1.6,270.0,14.23,3
12.0,carflow4_0.0,108.64,4.8,270.0,15.01,4
12.0,carflow4_1.0,73.25,4.8,270.0,13.97,4
12.0,carflow5_0.0,113.98,8.0,270.0,12.95,5
12.0,carflow5_1.0,71.5,8.0,270.0,14.72,5
12.1,carflow0_0.0,88.84,-8.0,90.0,14.19,0
12.1,carflow0_1.0,130.98,-8.0,90.0,15.07,0
12.1,carflow1_0.0,82.68,-4.8,90.0,11.78,1
12.1,carflow1_1.0,122.63,-4.8,90.0,12.94,1
12.1,carflow2_0.0,83.12,-1.6,90.0,12.3,2
12.1,carflow2_1.0,130.97,-1.6,90.0,14.45,2
12.1,carflow3_0.0,117.17,1.6,270.0,11.5,3
12.1,carflow3_1.0,72.87,1.6,270.0,14.26,3
12.1,carflow4_0.0,107.15,4.8,270.0,14.94,4
12.1,carflow4_1.0,71.86,4.8,270.0,13.93,4
12.1,carflow5_0.0,112.68,8.0,270.0,12.98,5
12.1,carflow5_1.0,70.04,8.0,270.0,14.6,5
12.2,carflow0_0.0,90.26,-8.0,90.0,14.19,0
12.2,carflow0_1.0,132.49,-8.0,90.0,15.08,0
12.2,carflow1_0.0,83.86,-4.8,90.0,11.8,1
12.2,carflow1_1.0,123.92,-4.8,90.0,12.95,1
12.2,carflow2_0.0,84.34,-1.6,90.0,12.2,2
12.2,carflow2_1.0,132.42,-1.6,90.0,14.45,2
12.2,carflow3_0.0,116.02,1.6,270.0,11.5,3
12.2,carflow3_1.0,71.45,1.6,270.0,14.29,3
12.2,carflow4_0.0,105.66,4.8,270.0,14.91,4
12.2,carflow4_1.0,70.46,4.8,270.0,13.98,4
12.2,carflow5_0.0,111.38,8.0,270.0,13.03,5
12.2,carflow5_1.0,68.57,8.0,270.0,14.64,5
12.3,carflow0_0.0,91.68,-8.0,90.0,14.17,0
12.3,carflow0_1.0,134.0,-8.0,90.0,15.07,0
12.3,carflow1_0.0,85.05,-4.8,90.0,11.89,1
12.3,carflow1_1.0,125.22,-4.8,90.0,12.98,1
12.3,carflow2_0.0,85.56,-1.6,90.0,12.27,2
12.3,carflow2_1.0,133.87,-1.6,90.0,14.52,2
12.3,carflow3_0.0,114.88,1.6,270.0,11.43,3
12.3,carflow3_1.0,70.02,1.6,270.0,14.23,3
12.3,carflow4_0.0,104.16,4.8,270.0,15.02,4
12.3,carflow4_1.0,69.06,4.8,270.0,14.01,4
12.3,carflow5_0.0,110.08,8.0,270.0,13.0,5
12.3,carflow5_1.0,67.11,8.0,270.0,14.67,5
12.4,carflow0_0.0,93.1,-8.0,90.0,14.22,0
12.4,carflow0_1.0,135.5,-8.0,90.0,15.07,0
12.4,carflow1_0.0,86.23,-4.8,90.0,11.8,1
12.4,carflow1_1.0,126.51,-4.8,90.0,12.9,1
12.4,carflow2_0.0,86.78,-1.6,90.0,12.22,2
12.4,carflow2_1.0,135.31,-1.6,90.0,14.45,2
12.4,carflow3_0.0,113.73,1.6,270.0,11.48,3
12.4,carflow3_1.0,68.59,1.6,270.0,14.28,3
12.4,carflow4_0.0,102.66,4.8,270.0,14.96,4
12.4,carflow4_1.0,67.67,4.8,270.0,13.92,4
12.4,carflow5_0.0,108.78,8.0,270.0,13.0,5
12.4,carflow5_1.0,65.65,8.0,270.0,14.61,5
12.5,carflow0_0.0,94.52,-8.0,90.0,14.18,0
12.5,carflow0_1.0,137.01,-8.0,90.0,15.1,0
12.5,carflow1_0.0,87.42,-4.8,90.0,11.86,1
12.5,carflow1_1.0,127.8,-4.8,90.0,12.93,1
12.5,carflow2_0.0,88.02,-1.6,90.0,12.3,2
12.5,carflow2_1.0,136.76,-1.6,90.0,14.47,2
12.5,carflow3_0.0,112.58,1.6,270.0,11.45,3
12.5,carflow3_1.0,67.16,1.6,270.0,14.3,3
12.5,carflow4_0.0,101.17,4.8,270.0,14.95,4
12.5,carflow4_1.0,66.27,4.8,270.0,13.99,4
12.5,carflow5_0.0,107.47,8.0,270.0,13.01,5
12.5,carflow5_1.0,64.18,8.0,270.0,14.64,5
12.6,carflow0_0.0,95.93,-8.0,90.0,14.16,0
12.6,carflow0_1.0,138.52,-8.0,90.0,15.09,0
12.6,carflow1_0.0,88.6,-4.8,90.0,11.82,1
12.6,carflow1_1.0,129.1,-4.8,90.0,12.99,1
12.6,carflow2_0.0,89.24,-1.6,90.0,12.3,2
12.6,carflow2_1.0,138.21,-1.6,90.0,14.46,2
12.6,carflow3_0.0,111.44,1.6,270.0,11.42,3
12.6,carflow3_1.0,65.74,1.6,270.0,14.2,3
12.6,carflow4_0.0,99.67,4.8,270.0,15.04,4
12.6,carflow4_1.0,64.87,4.8,270.0,13.99,4
12.6,carflow5_0.0,106.17,8.0,270.0,13.03,5
12.6,carflow5_1.0,62.71,8.0,270.0,14.72,5
12.7,carflow0_0.0,97.35,-8.0,90.0,14.15,0
12.7,carflow0_1.0,140.04,-8.0,90.0,15.14,0
12.7,carflow1_0.0,89.78,-4.8,90.0,11.83,1
12.7,carflow1_1.0,130.39,-4.8,90.0,12.91,1
12.7,carflow2_0.0,90.47,-1.6,90.0,12.28,2
12.7,carflow2_1.0,139.65,-1.6,90.0,14.41,2
12.7,carflow3_0.0,110.29,1.6,270.0,11.48,3
12.7,carflow3_1.0,64.32,1.6,270.0,14.2,3
12.7,carflow4_0.0,98.18,4.8,270.0,14.95,4
12.7,carflow4_1.0,63.47,4.8,270.0,13.99,4
12.7,carflow5_0.0,104.87,8.0,270.0,13.01,5
12.7,carflow5_1.0,61.25,8.0,270.0,14.62,5
12.8,carflow0_0.0,98.77,-8.0,90.0,14.22,0
12.8,carflow0_1.0,141.54,-8.0,90.0,15.06,0
12.8,carflow1_0.0,90.96,-4.8,90.0,11.83,1
12.8,carflow1_1.0,131.69,-4.8,90.0,12.94,1
12.8,carflow2_0.0,91.7,-1.6,90.0,12.28,2
12.8,carflow2_1.0,141.09,-1.6,90.0,14.44,2
12.8,carflow3_0.0,109.14,1.6,270.0,11.52,3
12.8,carflow3_1.0,62.91,1.6,270.0,14.18,3
12.8,carflow4_0.0,96.68,4.8,270.0,14.99,4
12.8,carflow4_1.0,62.07,4.8,270.0,13.97,4
12.8,carflow5_0.0,103.58,8.0,270.0,12.92,5
12.8,carflow5_1.0,59.78,8.0,270.0,14.64,5
12.9,carflow0_0.0,100.18,-8.0,90.0,14.15,0
12.9,carflow0_1.0,143.05,-8.0,90.0,15.09,0
12.9,carflow1_0.0,92.15,-4.8,90.0,11.87,1
12.9,carflow1_1.0,132.98,-4.8,90.0,12.96,1
12.9,carflow2_0.0,92.93,-1.6,90.0,12.28,2
12.9,carflow2_1.0,142.54,-1.6,90.0,14.45,2
12.9,carflow3_0.0,107.99,1.6,270.0,11.52,3
12.9,carflow3_1.0,61.49,1.6,270.0,14.21,3
12.9,carflow4_0.0,95.18,4.8,270.0,15.02,4
12.9,carflow4_1.0,60.68,4.8,270.0,13.91,4
12.9,carflow5_0.0,102.28,8.0,270.0,12.98,5
12.9,carflow5_1.0,58.31,8.0,270.0,14.7,5
13.0,carflow0_0.0,101.6,-8.0,90.0,14.25,0
13.0,carflow0_1.0,144.56,-8.0,90.0,15.11,0
13.0,carflow1_0.0,93.33,-4.8,90.0,11.78,1
13.0,carflow1_1.0,134.28,-4.8,90.0,12.92,1
13.0,carflow2_0.0,94.16,-1.6,90.0,12.29,2
13.0,carflow2_1.0,143.98,-1.6,90.0,14.41,2
13.0,carflow3_0.0,106.84,1.6,270.0,11.46,3
13.0,carflow3_1.0,60.07,1.6,270.0,14.19,3
13.0,carflow4_0.0,93.67,4.8,270.0,15.03,4
13.0,carflow4_1.0,59.28,4.8,270.0,14.01,4
13.0,carflow5_0.0,100.98,8.0,270.0,13.01,5
13.0,carflow5_1.0,56.85,8.0,270.0,14.68,5
13.1,carflow0_0.0,103.02,-8.0,90.0,14.15,0
13.1,carflow0_1.0,146.08,-8.0,90.0,15.13,0
13.1,carflow1_0.0,94.51,-4.8,90.0,11.86,1
13.1,carflow1_1.0,135.57,-4.8,90.0,12.95,1
13.1,carflow2_0.0,95.39,-1.6,90.0,12.3,2
13.1,carflow2_1.0,145.42,-1.6,90.0,14.43,2
13.1,carflow3_0.0,105.69,1.6,270.0,11.52,3
13.1,carflow3_1.0,58.64,1.6,270.0,14.27,3
13.1,carflow4_0.0,92.18,4.8,270.0,14.95,4
13.1,carflow4_1.0,57.89,4.8,270.0,13.94,4
13.1,carflow5_0.0,99.69,8.0,270.0,13.02,5
13.1,carflow5_1.0,55.37,8.0,270.0,14.72,5
13.2,carflow0_0.0,104.44,-8.0,90.0,14.25,0
13.2,carflow0_1.0,147.59,-8.0,90.0,15.15,0
13.2,carflow1_0.0,95.7,-4.8,90.0,11.89,1
13.2,carflow1_1.0,136.87,-4.8,90.0,12.96,1
13.2,carflow2_0.0,96.62,-1.6,90.0,12.28,2
13.2,carflow2_1.0,146.86,-1.6,90.0,14.41,2
13.2,carflow3_0.0,104.54,1.6,270.0,11.5,3
13.2,carflow3_1.0,57.21,1.6,270.0,14.27,3
13.2,carflow4_0.0,90.68,4.8,270.0,15.02,4
13.2,carflow4_1.0,56.49,4.8,270.0,13.97,4
13.2,carflow5_0.0,98.39,8.0,270.0,12.96,5
13.2,carflow5_1.0,53.91,8.0,270.0,14.68,5
13.3,carflow0_0.0,105.86,-8.0,90.0,14.23,0
13.3,carflow0_1.0,149.1,-8.0,90.0,15.1,0
13.3,carflow1_0.0,96.88,-4.8,90.0,11.79,1
13.3,carflow1_1.0,138.17,-4.8,90.0,13.02,1
13.3,carflow2_0.0,97.84,-1.6,90.0,12.28,2
13.3,carflow2_1.0,148.31,-1.6,90.0,14.44,2
13.3,carflow3_0.0,103.4,1.6,270.0,11.46,3
13.3,carflow3_1.0,55.78,1.6,270.0,14.29,3
13.3,carflow4_0.0,89.18,4.8,270.0,14.92,4
13.3,carflow4_1.0,55.08,4.8,270.0,14.03,4
13.3,carflow5_0.0,97.1,8.0,270.0,12.92,5
13.3,carflow5_1.0,52.44,8.0,270.0,14.63,5
13.4,carflow0_0.0,107.29,-8.0,90.0,14.24,0
13.4,carflow0_1.0,150.6,-8.0,90.0,15.02,0
13.4,carflow1_0.0,98.06,-4.8,90.0,11.8,1
13.4,carflow1_1.0,139.47,-4.8,90.0,12.97,1
13.4,carflow2_0.0,99.07,-1.6,90.0,12.26,2
13.4,carflow2_1.0,149.75,-1.6,90.0,14.42,2
13.4,carflow3_0.0,102.25,1.6,270.0,11.42,3
13.4,carflow3_1.0,54.36,1.6,270.0,14.22,3
13.4,carflow4_0.0,87.69,4.8,270.0,14.96,4
13.4,carflow4_1.0,53.69,4.8,270.0,13.94,4
13.4,carflow5_0.0,95.81,8.0,270.0,12.94,5
13.4,carflow5_1.0,50.98,8.0,270.0,14.65,5
13.5,carflow0_0.0,108.7,-8.0,90.0,14.18,0
13.5,carflow0_1.0,152.11,-8.0,90.0,15.11,0
13.5,carflow1_0.0,99.25,-4.8,90.0,11.89,1
13.5,carflow1_1.0,140.76,-4.8,90.0,12.95,1
13.5,carflow2_0.0,100.29,-1.6,90.0,12.26,2
13.5,carflow2_1.0,151.2,-1.6,90.0,14.5,2
13.5,carflow3_0.0,101.11,1.6,270.0,11.45,3
13.5,carflow3_1.0,52.94,1.6,270.0,14.2,3
13.5,carflow4_0.0,86.19,4.8,270.0,14.93,4
13.5,carflow4_1.0,52.29,4.8,270.0,14.02,4
13.5,carflow5_0.0,94.51,8.0,270.0,12.98,5
13.5,carflow5_1.0,49.51,8.0,270.0,14.69,5
13.6,carflow0_0.0,110.12,-8.0,90.0,14.17,0
13.6,carflow0_1.0,153.63,-8.0,90.0,15.14,0
13.6,carflow1_0.0,100.42,-4.8,90.0,11.8,1
13.6,carflow1_1.0,142.05,-4.8,90.0,12.92,1
13.6,carflow2_0.0,101.51,-1.6,90.0,12.18,2
13.6,carflow2_1.0,152.64,-1.6,90.0,14.44,2
13.6,carflow3_0.0,99.97,1.6,270.0,11.53,3
13.6,carflow3_1.0,51.52,1.6,270.0,14.24,3
13.6,carflow4_0.0,84.7,4.8,270.0,14.94,4
13.6,carflow4_1.0,50.89,4.8,270.0,13.99,4
13.6,carflow5_0.0,93.22,8.0,270.0,12.92,5
13.6,carflow5_1.0,48.05,8.0,270.0,14.65,5
13.7,carflow0_0.0,111.55,-8.0,90.0,14.25,0
13.7,carflow0_1.0,155.13,-8.0,90.0,15.06,0
13.7,carflow1_0.0,101.6,-4.8,90.0,11.79,1
13.7,carflow1_1.0,143.35,-4.8,90.0,12.93,1
13.7,carflow2_0.0,102.73,-1.6,90.0,12.2,2
13.7,carflow2_1.0,154.09,-1.6,90.0,14.48,2
13.7,carflow3_0.0,98.82,1.6,270.0,11.5,3
13.7,carflow3_1.0,50.09,1.6,270.0,14.29,3
13.7,carflow4_0.0,83.2,4.8,270.0,15.02,4
13.7,carflow4_1.0,49.5,4.8,270.0,13.91,4
13.7,carflow5_0.0,91.92,8.0,270.0,12.97,5
13.7,carflow5_1.0,46.58,8.0,270.0,14.61,5
13.8,carflow0_0.0,112.97,-8.0,90.0,14.25,0
13.8,carflow0_1.0,156.64,-8.0,90.0,15.08,0
13.8,carflow1_0.0,102.79,-4.8,90.0,11.85,1
13.8,carflow1_1.0,144.64,-4.8,90.0,12.98,1
13.8,carflow2_0.0,103.95,-1.6,90.0,12.21,2
13.8,carflow2_1.0,155.53,-1.6,90.0,14.4,2
13.8,carflow3_0.0,97.67,1.6,270.0,11.5,3
13.8,carflow3_1.0,48.67,1.6,270.0,14.22,3
13.8,carflow4_0.0,81.7,4.8,270.0,14.97,4
13.8,carflow4_1.0,48.1,4.8,270.0,14.0,4
13.8,carflow5_0.0,90.62,8.0,270.0,13.01,5
13.8,carflow5_1.0,45.11,8.0,270.0,14.72,5
13.9,carflow0_0.0,114.39,-8.0,90.0,14.15,0
13.9,carflow0_1.0,158.15,-8.0,90.0,15.09,0
13.9,carflow1_0.0,103.97,-4.8,90.0,11.89,1
13.9,carflow1_1.0,145.94,-4.8,90.0,12.92,1
13.9,carflow2_0.0,105.17,-1.6,90.0,12.23,2
13.9,carflow2_1.0,156.97,-1.6,90.0,14.4,2
13.9,carflow3_0.0,96.52,1.6,270.0,11.46,3
13.9,carflow3_1.0,47.24,1.6,270.0,14.25,3
13.9,carflow4_0.0,80.21,4.8,270.0,14.94,4
13.9,carflow4_1.0,46.69,4.8,270.0,14.03,4
13.9,carflow5_0.0,89.32,8.0,270.0,12.96,5
13.9,carflow5_1.0,43.64,8.0,270.0,14.7,5
14.0,carflow0_0.0,115.81,-8.0,90.0,14.2,0
14.0,carflow0_1.0,159.66,-8.0,90.0,15.06,0
14.0,carflow1_0.0,105.16,-4.8,90.0,11.89,1
14.0,carflow1_1.0,147.24,-4.8,90.0,12.99,1
14.0,carflow2_0.0,106.39,-1.6,90.0,12.23,2
14.0,carflow2_1.0,158.42,-1.6,90.0,14.49,2
14.0,carflow3_0.0,95.38,1.6,270.0,11.45,3
14.0,carflow3_1.0,45.82,1.6,270.0,14.21,3
14.0,carflow4_0.0,78.71,4.8,270.0,14.97,4
14.0,carflow4_1.0,45.3,4.8,270.0,13.96,4
14.0,carflow5_0.0,88.02,8.0,270.0,12.98,5
14.0,carflow5_1.0,42.17,8.0,270.0,14.71,5
14.1,carflow0_0.0,117.22,-8.0,90.0,14.16,0
14.1,carflow0_1.0,161.16,-8.0,90.0,15.07,0
14.1,carflow1_0.0,106.34,-4.8,90.0,11.8,1
14.1,carflow1_1.0,148.54,-4.8,90.0,13.0,1
14.1,carflow2_0.0,107.62,-1.6,90.0,12.27,2
14.1,carflow2_1.0,159.87,-1.6,90.0,14.49,2
14.1,carflow3_0.0,94.22,1.6,270.0,11.53,3
14.1,carflow3_1.0,44.4,1.6,270.0,14.24,3
14.1,carflow4_0.0,77.21,4.8,270.0,15.04,4
14.1,carflow4_1.0,43.9,4.8,270.0,14.01,4
14.1,carflow5_0.0,86.73,8.0,270.0,12.94,5
14.1,carflow5_1.0,40.71,8.0,270.0,14.64,5
14.2,carflow0_0.0,118.65,-8.0,90.0,14.25,0
14.2,carflow0_1.0,162.67,-8.0,90.0,15.08,0
14.2,carflow1_0.0,107.52,-4.8,90.0,11.79,1
14.2,carflow1_1.0,149.83,-4.8,90.0,12.94,1
14.2,carflow2_0.0,108.85,-1.6,90.0,12.27,2
14.2,carflow2_1.0,161.31,-1.6,90.0,14.45,2
14.2,carflow3_0.0,93.08,1.6,270.0,11.48,3
14.2,carflow3_1.0,42.97,1.6,270.0,14.29,3
14.2,carflow4_0.0,75.71,4.8,270.0,15.0,4
14.2,carflow4_1.0,42.5,4.8,270.0,13.98,4
14.2,carflow5_0.0,85.44,8.0,270.0,12.95,5
14.2,carflow5_1.0,39.24,8.0,270.0,14.67,5
14.3,carflow0_0.0,120.07,-8.0,90.0,14.16,0
14.3,carflow0_1.0,164.18,-8.0,90.0,15.04,0
14.3,carflow1_0.0,108.7,-4.8,90.0,11.82,1
14.3,carflow1_1.0,151.13,-4.8,90.0,13.02,1
14.3,carflow2_0.0,110.08,-1.6,90.0,12.29,2
14.3,carflow2_1.0,162.76,-1.6,90.0,14.42,2
14.3,carflow3_0.0,91.93,1.6,270.0,11.46,3
14.3,carflow3_1.0,41.54,1.6,270.0,14.27,3
14.3,carflow4_0.0,74.21,4.8,270.0,14.95,4
14.3,carflow4_1.0,41.11,4.8,270.0,13.92,4
14.3,carflow5_0.0,84.13,8.0,270.0,13.02,5
14.3,carflow5_1.0,37.77,8.0,270.0,14.7,5
14.4,carflow0_0.0,121.48,-8.0,90.0,14.13,0
14.4,carflow0_1.0,165.69,-8.0,90.0,15.1,0
14.4,carflow1_0.0,109.89,-4.8,90.0,11.87,1
14.4,carflow1_1.0,152.43,-4.8,90.0,13.02,1
14.4,carflow2_0.0,111.3,-1.6,90.0,12.25,2
14.4,carflow2_1.0,164.2,-1.6,90.0,14.43,2
14.4,carflow3_0.0,90.78,1.6,270.0,11.49,3
14.4,carflow3_1.0,40.12,1.6,270.0,14.2,3
14.4,carflow4_0.0,72.72,4.8,270.0,14.94,4
14.4,carflow4_1.0,39.71,4.8,270.0,14.02,4
14.4,carflow5_0.0,82.83,8.0,270.0,12.99,5
14.4,carflow5_1.0,36.3,8.0,270.0,14.67,5
14.5,carflow0_0.0,122.89,-8.0,90.0,14.16,0
14.5,carflow0_1.0,167.2,-8.0,90.0,15.15,0
14.5,carflow1_0.0,111.07,-4.8,90.0,11.79,1
14.5,carflow1_1.0,153.73,-4.8,90.0,12.95,1
14.5,carflow2_0.0,112.52,-1.6,90.0,12.21,2
14.5,carflow2_1.0,165.65,-1.6,90.0,14.53,2
14.5,carflow3_0.0,89.63,1.6,270.0,11.49,3
14.5,carflow3_1.0,38.69,1.6,270.0,14.31,3
14.5,carflow4_0.0,71.23,4.8,270.0,14.91,4
14.5,carflow4_1.0,38.31,4.8,270.0,14.0,4
14.5,carflow5_0.0,81.54,8.0,270.0,12.93,5
14.5,carflow5_1.0,34.84,8.0,270.0,14.65,5
14.6,carflow0_0.0,124.32,-8.0,90.0,14.25,0
14.6,carflow0_1.0,168.71,-8.0,90.0,15.06,0
14.6,carflow1_0.0,112.26,-4.8,90.0,11.87,1
14.6,carflow1_1.0,155.03,-4.8,90.0,13.0,1
14.6,carflow2_0.0,113.75,-1.6,90.0,12.24,2
14.6,carflow2_1.0,167.1,-1.6,90.0,14.44,2
14.6,carflow3_0.0,88.48,1.6,270.0,11.48,3
14.6,carflow3_1.0,37.26,1.6,270.0,14.27,3
14.6,carflow4_0.0,69.73,4.8,270.0,14.92,4
14.6,carflow4_1.0,36.91,4.8,270.0,13.9,4
14.6,carflow5_0.0,80.24,8.0,270.0,12.97,5
14.6,carflow5_1.0,33.37,8.0,270.0,14.68,5
14.7,carflow0_0.0,125.74,-8.0,90.0,14.16,0
14.7,carflow0_1.0,170.21,-8.0,90.0,15.05,0
14.7,carflow1_0.0,113.44,-4.8,90.0,11.83,1
14.7,carflow1_1.0,156.32,-4.8,90.0,12.93,1
14.7,carflow2_0.0,114.97,-1.6,90.0,12.23,2
14.7,carflow2_1.0,168.54,-1.6,90.0,14.47,2
14.7,carflow3_0.0,87.33,1.6,270.0,11.53,3
14.7,carflow3_1.0,35.84,1.6,270.0,14.22,3
14.7,carflow4_0.0,68.23,4.8,270.0,15.0,4
14.7,carflow4_1.0,35.52,4.8,270.0,13.94,4
14.7,carflow5_0.0,78.95,8.0,270.0,12.91,5
14.7,carflow5_1.0,31.91,8.0,270.0,14.65,5
14.8,carflow0_0.0,127.16,-8.0,90.0,14.2,0
14.8,carflow0_1.0,171.73,-8.0,90.0,15.13,0
14.8,carflow1_0.0,114.62,-4.8,90.0,11.82,1
14.8,carflow1_1.0,157.62,-4.8,90.0,12.97,1
14.8,carflow2_0.0,116.2,-1.6,90.0,12.3,2
14.8,carflow2_1.0,169.98,-1.6,90.0,14.41,2
14.8,carflow3_0.0,86.18,1.6,270.0,11.47,3
14.8,carflow3_1.0,34.42,1.6,270.0,14.24,3
14.8,carflow4_0.0,66.73,4.8,270.0,14.99,4
14.8,carflow4_1.0,34.13,4.8,270.0,13.91,4
14.8,carflow5_0.0,77.66,8.0,270.0,12.97,5
14.8,carflow5_1.0,30.43,8.0,270.0,14.72,5
14.9,carflow0_0.0,128.57,-8.0,90.0,14.19,0
14.9,carflow0_1.0,173.23,-8.0,90.0,15.05,0
14.9,carflow1_0.0,115.81,-4.8,90.0,11.89,1
14.9,carflow1_1.0,158.91,-4.8,90.0,12.95,1
14.9,carflow2_0.0,117.42,-1.6,90.0,12.18,2
14.9,carflow2_1.0,171.43,-1.6,90.0,14.42,2
14.9,carflow3_0.0,85.03,1.6,270.0,11.54,3
14.9,carflow3_1.0,32.99,1.6,270.0,14.29,3
14.9,carflow4_0.0,65.23,4.8,270.0,15.03,4
14.9,carflow4_1.0,32.73,4.8,270.0,13.99,4
14.9,carflow5_0.0,76.36,8.0,270.0,12.97,5
14.9,carflow5_1.0,28.97,8.0,270.0,14.66,5
15.0,carflow0_0.0,129.99,-8.0,90.0,14.15,0
15.0,carflow0_1.0,174.74,-8.0,90.0,15.08,0
15.0,carflow1_0.0,117.0,-4.8,90.0,11.9,1
15.0,carflow1_1.0,160.21,-4.8,90.0,13.01,1
15.0,carflow2_0.0,118.64,-1.6,90.0,12.27,2
15.0,carflow2_1.0,172.87,-1.6,90.0,14.43,2
15.0,carflow3_0.0,83.89,1.6,270.0,11.41,3
15.0,carflow3_1.0,31.57,1.6,270.0,14.22,3
15.0,carflow4_0.0,63.73,4.8,270.0,15.0,4
15.0,carflow4_1.0,31.33,4.8,270.0,13.99,4
15.0,carflow5_0.0,75.06,8.0,270.0,12.97,5
15.0,carflow5_1.0,27.5,8.0,270.0,14.72,5
15.1,carflow0_0.0,131.41,-8.0,90.0,14.19,0
15.1,carflow0_1.0,176.25,-8.0,90.0,15.08,0
15.1,carflow1_0.0,118.18,-4.8,90.0,11.81,1
15.1,carflow1_1.0,161.52,-4.8,90.0,13.0,1
15.1,carflow2_0.0,119.87,-1.6,90.0,12.24,2
15.1,carflow2_1.0,174.31,-1.6,90.0,14.44,2
15.1,carflow3_0.0,82.74,1.6,270.0,11.46,3
15.1,carflow3_1.0,30.14,1.6,270.0,14.24,3
15.1,carflow4_0.0,62.23,4.8,270.0,15.03,4
15.1,carflow4_1.0,29.93,4.8,270.0,13.98,4
15.1,carflow5_0.0,73.77,8.0,270.0,12.95,5
15.1,carflow5_1.0,26.04,8.0,270.0,14.61,5
15.2,carflow0_0.0,132.83,-8.0,90.0,14.25,0
15.2,carflow0_1.0,177.76,-8.0,90.0,15.14,0
15.2,carflow1_0.0,119.37,-4.8,90.0,11.87,1
15.2,carflow1_1.0,162.81,-4.8,90.0,12.96,1
15.2,carflow2_0.0,121.1,-1.6,90.0,12.3,2
15.2,carflow2_1.0,175.77,-1.6,90.0,14.52,2
15.2,carflow3_0.0,81.59,1.6,270.0,11.52,3
15.2,carflow3_1.0,28.72,1.6,270.0,14.21,3
15.2,carflow4_0.0,60.73,4.8,270.0,14.96,4
15.2,carflow4_1.0,28.53,4.8,270.0,14.01,4
15.2,carflow5_0.0,72.47,8.0,270.0,12.97,5
15.2,carflow5_1.0,24.57,8.0,270.0,14.64,5
15.3,carflow0_0.0,134.26,-8.0,90.0,14.21,0
15.3,carflow0_1.0,179.27,-8.0,90.0,15.14,0
15.3,carflow1_0.0,120.55,-4.8,90.0,11.85,1
15.3,carflow1_1.0,164.11,-4.8,90.0,12.94,1
15.3,carflow2_0.0,122.32,-1.6,90.0,12.2,2
15.3,carflow2_1.0,177.21,-1.6,90.0,14.43,2
15.3,carflow3_0.0,80.45,1.6,270.0,11.44,3
15.3,carflow3_1.0,27.3,1.6,270.0,14.27,3
15.3,carflow4_0.0,59.23,4.8,270.0,14.99,4
15.3,carflow4_1.0,27.14,4.8,270.0,13.97,4
15.3,carflow5_0.0,71.17,8.0,270.0,13.0,5
15.3,carflow5_1.0,23.11,8.0,270.0,14.62,5
15.4,carflow0_0.0,135.67,-8.0,90.0,14.15,0
15.4,carflow0_1.0,180.78,-8.0,90.0,15.07,0
15.4,carflow1_0.0,121.73,-4.8,90.0,11.8,1
15.4,carflow1_1.0,165.4,-4.8,90.0,12.92,1
15.4,carflow2_0.0,123.54,-1.6,90.0,12.27,2
15.4,carflow2_1.0,178.66,-1.6,90.0,14.52,2
15.4,carflow3_0.0,79.3,1.6,270.0,11.43,3
15.4,carflow3_1.0,25.87,1.6,270.0,14.28,3
15.4,carflow4_0.0,57.74,4.8,270.0,14.96,4
15.4,carflow4_1.0,25.75,4.8,270.0,13.91,4
15.4,carflow5_0.0,69.87,8.0,270.0,12.98,5
15.4,carflow5_1.0,21.64,8.0,270.0,14.7,5
15.5,carflow0_0.0,137.09,-8.0,90.0,14.19,0
15.5,carflow0_1.0,182.29,-8.0,90.0,15.05,0
15.5,carflow1_0.0,122.91,-4.8,90.0,11.81,1
15.5,carflow1_1.0,166.69,-4.8,90.0,12.91,1
15.5,carflow2_0.0,124.77,-1.6,90.0,12.27,2
15.5,carflow2_1.0,180.1,-1.6,90.0,14.42,2
15.5,carflow3_0.0,78.15,1.6,270.0,11.5,3
15.5,carflow3_1.0,24.44,1.6,270.0,14.29,3
15.5,carflow4_0.0,56.24,4.8,270.0,15.02,4
15.5,carflow4_1.0,24.34,4.8,270.0,14.01,4
15.5,carflow5_0.0,68.58,8.0,270.0,12.91,5
15.5,carflow5_1.0,20.18,8.0,270.0,14.61,5
15.6,carflow0_0.0,138.51,-8.0,90.0,14.2,0
15.6,carflow0_1.0,183.8,-8.0,90.0,15.11,0
15.6,carflow1_0.0,124.09,-4.8,90.0,11.79,1
15.6,carflow1_1.0,167.98,-4.8,90.0,12.95,1
15.6,carflow2_0.0,125.99,-1.6,90.0,12.2,2
15.6,carflow2_1.0,181.54,-1.6,90.0,14.4,2
15.6,carflow3_0.0,77.0,1.6,270.0,11.5,3
15.6,carflow3_1.0,23.01,1.6,270.0,14.25,3
15.6,carflow4_0.0,54.74,4.8,270.0,14.92,4
15.6,carflow4_1.0,22.95,4.8,270.0,13.93,4
15.6,carflow5_0.0,67.28,8.0,270.0,12.99,5
15.6,carflow5_1.0,18.71,8.0,270.0,14.71,5
15.7,carflow0_0.0,139.93,-8.0,90.0,14.22,0
15.7,carflow0_1.0,185.31,-8.0,90.0,15.13,0
15.7,carflow1_0.0,125.28,-4.8,90.0,11.88,1
15.7,carflow1_1.0,169.28,-4.8,90.0,12.99,1
15.7,carflow2_0.0,127.22,-1.6,90.0,12.27,2
15.7,carflow2_1.0,182.99,-1.6,90.0,14.43,2
15.7,carflow3_0.0,75.86,1.6,270.0,11.47,3
15.7,carflow3_1.0,21.58,1.6,270.0,14.29,3
15.7,carflow4_0.0,53.25,4.8,270.0,14.95,4
15.7,carflow4_1.0,21.56,4.8,270.0,13.94,4
15.7,carflow5_0.0,65.99,8.0,270.0,12.96,5
15.7,carflow5_1.0,17.25,8.0,270.0,14.61,5
15.8,carflow0_0.0,141.35,-8.0,90.0,14.19,0
15.8,carflow0_1.0,186.82,-8.0,90.0,15.09,0
15.8,carflow1_0.0,126.47,-4.8,90.0,11.89,1
15.8,carflow1_1.0,170.58,-4.8,90.0,13.0,1
15.8,carflow2_0.0,128.44,-1.6,90.0,12.23,2
15.8,carflow2_1.0,184.43,-1.6,90.0,14.43,2
15.8,carflow3_0.0,74.71,1.6,270.0,11.44,3
15.8,carflow3_1.0,20.16,1.6,270.0,14.27,3
15.8,carflow4_0.0,51.76,4.8,270.0,14.92,4
15.8,carflow4_1.0,20.17,4.8,270.0,13.92,4
15.8,carflow5_0.0,64.69,8.0,270.0,12.96,5
15.8,carflow5_1.0,15.78,8.0,270.0,14.7,5
15.9,carflow0_0.0,142.77,-8.0,90.0,14.18,0
15.9,carflow0_1.0,188.33,-8.0,90.0,15.11,0
15.9,carflow1_0.0,127.66,-4.8,90.0,11.86,1
15.9,carflow1_1.0,171.88,-4.8,90.0,12.98,1
15.9,carflow2_0.0,129.67,-1.6,90.0,12.24,2
15.9,carflow2_1.0,185.87,-1.6,90.0,14.44,2
15.9,carflow3_0.0,73.56,1.6,270.0,11.48,3
15.9,carflow3_1.0,18.73,1.6,270.0,14.22,3
15.9,carflow4_0.0,50.26,4.8,270.0,15.01,4
15.9,carflow4_1.0,18.77,4.8,270.0,14.0,4
15.9,carflow5_0.0,63.39,8.0,270.0,12.97,5
15.9,carflow5_1.0,14.31,8.0,270.0,14.68,5
16.0,carflow0_0.0,144.19,-8.0,90.0,14.17,0
16.0,carflow0_1.0,189.83,-8.0,90.0,15.04,0
16.0,carflow1_0.0,128.84,-4.8,90.0,11.85,1
16.0,carflow1_1.0,173.18,-4.8,90.0,12.96,1
16.0,carflow2_0.0,130.89,-1.6,90.0,12.2,2
16.0,carflow2_1.0,187.32,-1.6,90.0,14.46,2
16.0,carflow3_0.0,72.41,1.6,270.0,11.5,3
16.0,carflow3_1.0,17.31,1.6,270.0,14.27,3
16.0,carflow4_0.0,48.75,4.8,270.0,15.03,4
16.0,carflow4_1.0,17.37,4.8,270.0,13.91,4
16.0,carflow5_0.0,62.1,8.0,270.0,12.93,5
16.0,carflow5_1.0,12.84,8.0,270.0,14.67,5
16.1,carflow0_0.0,145.61,-8.0,90.0,14.21,0
16.1,carflow0_1.0,191.35,-8.0,90.0,15.14,0
16.1,carflow1_0.0,130.03,-4.8,90.0,11.87,1
16.1,carflow1_1.0,174.47,-4.8,90.0,12.96,1
16.1,carflow2_0.0,132.1,-1.6,90.0,12.18,2
16.1,carflow2_1.0,188.77,-1.6,90.0,14.47,2
16.1,carflow3_0.0,71.26,1.6,270.0,11.53,3
16.1,carflow3_1.0,15.88,1.6,270.0,14.25,3
16.1,carflow4_0.0,47.26,4.8,270.0,14.91,4
16.1,carflow4_1.0,15.98,4.8,270.0,13.93,4
16.1,carflow5_0.0,60.81,8.0,270.0,12.93,5
16.1,carflow5_1.0,11.37,8.0,270.0,14.7,5
16.2,carflow0_0.0,147.02,-8.0,90.0,14.14,0
16.2,carflow0_1.0,192.85,-8.0,90.0,15.03,0
16.2,carflow1_0.0,131.21,-4.8,90.0,11.82,1
16.2,carflow1_1.0,175.77,-4.8,90.0,12.94,1
16.2,carflow2_0.0,133.33,-1.6,90.0,12.25,2
16.2,carflow2_1.0,190.21,-1.6,90.0,14.41,2
16.2,carflow3_0.0,70.12,1.6,270.0,11.44,3
16.2,carflow3_1.0,14.46,1.6,270.0,14.19,3
16.2,carflow4_0.0,45.76,4.8,270.0,15.03,4
16.2,carflow4_1.0,14.59,4.8,270.0,13.94,4
16.2,carflow5_0.0,59.51,8.0,270.0,12.93,5
16.2,carflow5_1.0,9.91,8.0,270.0,14.63,5
16.3,carflow0_0.0,148.44,-8.0,90.0,14.19,0
16.3,carflow0_1.0,194.35,-8.0,90.0,15.02,0
16.3,carflow1_0.0,132.39,-4.8,90.0,11.79,1
16.3,carflow1_1.0,177.07,-4.8,90.0,13.03,1
16.3,carflow2_0.0,134.55,-1.6,90.0,12.26,2
16.3,carflow2_1.0,191.66,-1.6,90.0,14.51,2
16.3,carflow3_0.0,68.97,1.6,270.0,11.45,3
16.3,carflow3_1.0,13.04,1.6,270.0,14.24,3
16.3,carflow4_0.0,44.26,4.8,270.0,14.96,4
16.3,carflow4_1.0,13.19,4.8,270.0,14.02,4
16.3,carflow5_0.0,58.22,8.0,270.0,12.93,5
16.3,carflow5_1.0,8.44,8.0,270.0,14.72,5
16.4,carflow0_0.0,149.86,-8.0,90.0,14.16,0
16.4,carflow0_1.0,195.86,-8.0,90.0,15.04,0
16.4,carflow1_0.0,133.57,-4.8,90.0,11.83,1
16.4,carflow1_1.0,178.37,-4.8,90.0,12.95,1
16.4,carflow2_0.0,135.78,-1.6,90.0,12.3,2
16.4,carflow2_1.0,193.1,-1.6,90.0,14.46,2
16.4,carflow3_0.0,67.82,1.6,270.0,11.51,3
16.4,carflow3_1.0,11.61,1.6,270.0,14.26,3
16.4,carflow4_0.0,42.76,4.8,270.0,15.0,4
16.4,carflow4_1.0,11.79,4.8,270.0,13.94,4
16.4,carflow5_0.0,56.92,8.0,270.0,12.97,5
16.4,carflow5_1.0,6.97,8.0,270.0,14.65,5
16.5,carflow0_0.0,151.28,-8.0,90.0,14.22,0
16.5,carflow0_1.0,197.37,-8.0,90.0,15.14,0
16.5,carflow1_0.0,134.76,-4.8,90.0,11.86,1
16.5,carflow1_1.0,179.66,-4.8,90.0,12.99,1
16.5,carflow2_0.0,137.01,-1.6,90.0,12.26,2
16.5,carflow2_1.0,194.55,-1.6,90.0,14.48,2
16.5,carflow3_0.0,66.67,1.6,270.0,11.5,3
16.5,carflow3_1.0,10.19,1.6,270.0,14.2,3
16.5,carflow4_0.0,41.27,4.8,270.0,14.94,4
16.5,carflow4_1.0,10.4,4.8,270.0,13.94,4
16.5,carflow5_0.0,55.62,8.0,270.0,13.02,5
16.5,carflow5_1.0,5.51,8.0,270.0,14.61,5
16.6,carflow0_0.0,152.7,-8.0,90.0,14.23,0
16.6,carflow0_1.0,198.87,-8.0,90.0,15.03,0
16.6,carflow1_0.0,135.94,-4.8,90.0,11.83,1
16.6,carflow1_1.0,180.96,-4.8,90.0,12.99,1
16.6,carflow2_0.0,138.24,-1.6,90.0,12.27,2
16.6,carflow2_1.0,196.0,-1.6,90.0,14.5,2
16.6,carflow3_0.0,65.52,1.6,270.0,11.52,3
16.6,carflow3_1.0,8.77,1.6,270.0,14.23,3
16.6,carflow4_0.0,39.77,4.8,270.0,15.02,4
16.6,carflow4_1.0,9.0,4.8,270.0,13.97,4
16.6,carflow5_0.0,54.32,8.0,270.0,13.02,5
16.6,carflow5_1.0,4.04,8.0,270.0,14.7,5
